Umm .. who's Paul Walker ? !,positive
RT : RIP PAUL WALKER,negative
RT : RIP Paul Walker - UNSEEN PHOTOS :,negative
RT : RIP PAUL WALKER OUR LAST PHOTOS,negative
RT : im really sad about Paul Walker :(,negative
RT : R . I . P PAUL WALKER RT FOR RESPECT - UNSEEN PHOTOS,negative
RT : R . I . P Paul Walker UNSEEN PHOTOS,negative
R . I . P . Paul Walker,negative
RT : RIP PAUL WALKER OUR LAST PHOTOS,negative
RT : RIP Paul Walker - UNSEEN PHOTOS :,negative
RT : Watch Paul Walker gone be every girl MCM .,negative
RT : UNSEEN PHOTOS OF PAUL WALKER,negative
RT : Shocking news to hear about Paul Walker . Really tragic .,negative
RT : UNSEEN PHOTOS OF PAUL WALKER,negative
RT : : Paul Walker's daughter posted this .. damn bra ..,negative
RT : PAUL WALKER RIP UNSEEN PHOTOS !,negative
RT : Paul Walker's passing is so sad . I'm thinking of his family . Keep the people you love close to you .,positive
RT : RIP Paul Walker - UNSEEN PHOTOS :,negative
"RT : R . I . P Paul Walker "" Always in our hearts . """,positive
RT : R . I . P Paul Walker UNSEEN PHOTOS,negative
RT : RIP Roger Rodas the man who died with Paul Walker that everybody forgot about,negative
RT : RIP Paul Walker - UNSEEN PHOTOS :,negative
RT : Paul Walker's daughter's post that made me tear up just a little bit,negative
RT : RIP PAUL WALKER OUR LAST PHOTOS,negative
RT : R . I . P Paul Walker UNSEEN PHOTOS,negative
RT : RIP PAUL WALKER,negative
RT : RIP Paul Walker rest easy beautiful angel,positive
RT : RIP Paul Walker - UNSEEN PHOTOS :,negative
RT : RIP PAUL WALKER OUR LAST PHOTOS,negative
RT : A naked girl can get 10k rt's how many can Paul Walker get ?,positive
RT : PAUL WALKER RIP UNSEEN PHOTOS !,negative
RT : UNSEEN PHOTOS OF PAUL WALKER,negative
RT : R . I . P to the driver that died with Paul Walker that no one cares about because he wasn't famous .,negative
RT : R . I . P Paul Walker UNSEEN PHOTOS,negative
"RT : "" And the hardest thing to do is say bye bye "" - Mariah Carey",positive
RT : Police : Drag racing called possible factor in Paul Walker's death :,negative
RT : Paul Walker Ryan Dunn y James Dean murieron en un Porsche GT,positive
RT : PAUL WALKER RIP UNSEEN PHOTOS !,negative
RT : This is just heartbreaking .,negative
RT : RIP . Paul Walker,negative
RT : Don't want to diss a dead guy but reports now are that Paul Walker was engaged in a drag race . You live fast and furious,negative
Deciphering a Death : Paul Walker's Final Moments Play Out Online [ PHOTOS ] via,positive
RT : Ride or die,positive
RT : R . I . P Paul Walker UNSEEN PHOTOS,negative
RT : PAUL WALKER RIP UNSEEN PHOTOS !,negative
RT : R . I . P PAUL WALKER UNSEEN PHOTOS !,negative
RT : RIP PAUL WALKER OUR LAST PHOTOS,negative
RT : PAUL WALKER RIP UNSEEN PHOTOS !,negative
RT : RIP PAUL WALKER OUR LAST PHOTOS,negative
RT : R . I . P PAUL WALKER RT FOR RESPECT - UNSEEN PHOTOS,negative
RT : It's with a heavy heart that we must confirm Paul Walker passed away today in a tragic car accident . MORE :,negative
RT : PAUL WALKER RIP UNSEEN PHOTOS !,negative
"RT : "" If one day speed kills me don't cry because I was smiling "" - Paul Walker",negative
RT : R . I . P PAUL WALKER UNSEEN PHOTOS !,negative
RT : Paul Walker's passing is so sad . I'm thinking of his family . Keep the people you love close to you .,positive
no words .. this destroyed me . R . I . P . Paul Walker,negative
RT : Paul Walker's passing is so sad . I'm thinking of his family . Keep the people you love close to you .,positive
RT : R . I . P Paul Walker UNSEEN PHOTOS,negative
RT : RIP PAUL WALKER OUR LAST PHOTOS,negative
RT : R . I . P to the driver who died with Paul Walker that no one cares about because he wasnt famous .,negative
RT : RIP PAUL WALKER OUR LAST PHOTOS,negative
RT : R . I . P PAUL WALKER UNSEEN PHOTOS !,negative
RT : RIP PAUL WALKER OUR LAST PHOTOS,negative
RT : Paul Walker's passing is so sad . I'm thinking of his family . Keep the people you love close to you .,positive
RT : R . I . P PAUL WALKER UNSEEN PHOTOS !,negative
RT : RIP PAUL WALKER OUR LAST PHOTOS,negative
Tom Daley R . I . P Paul Walker,negative
RT : Shocking news to hear about Paul Walker . Really tragic .,negative
RT : RIP PAUL WALKER OUR LAST PHOTOS,negative
RT : im really sad about Paul Walker :(,negative
RT : RIP PAUL WALKER OUR LAST PHOTOS,negative
: R . I . P Paul Fast and The Furious Walker,positive
RT : RIP PAUL WALKER . OUR LAST PHOTOS,negative
RT : Respect .. R . I . P . Paul Walker,negative
Can't believe Paul walker died mane I'm low key hurt,negative
RT : If you grew up on fast & amp ; furious movies you would understand how hard it is to know that Paul Walker is dead,positive
RT : RIP Paul Walker - UNSEEN PHOTOS :,negative
"RT : R . I . P Paul Walker "" Always in our hearts . """,positive
Paul Walker's life in pictures ? ?,positive
Paul Walker's Davidoff Cool Water Ad Airs During UK Soccer Game Fragrance Company Apologizes,negative
RT : I hate life . It's Monday had a terrible weekend and my boy Paul Walker died . He played Lance in Varsity blues . Me and h,negative
RT : RIP PAUL WALKER OUR LAST PHOTOS,negative
RT : R . I . P Paul Walker UNSEEN PHOTOS,negative
"Ah . "" : Paul Walker - - Death Vigil Grows .. Hundreds of People Visit Fatal Crash Scene """,positive
RT : PAUL WALKER RIP UNSEEN PHOTOS !,negative
RT : R . I . P PAUL WALKER UNSEEN PHOTOS !,negative
RT : A naked girl can get 10k rt's how many can Paul Walker get ?,positive
RT : RIP PAUL WALKER,negative
Paul Walker Conspiracy Theory [ Fast And Furious ] ( MIRROR ): via,positive
Nobody gives a fuck about the driver that died with Paul Walker because he wasn't famous . That's bullshit,negative
RT : RIP PAUL WALKER OUR LAST PHOTOS,negative
RT : R . I . P PAUL WALKER UNSEEN PHOTOS !,negative
RT : R . I . P PAUL WALKER RT FOR RESPECT - UNSEEN PHOTOS,negative
RT : RIP PAUL WALKER,negative
RT : RIP PAUL WALKER . OUR LAST PHOTOS,negative
I done seen like 5 people make Paul Walker their mcm already .,positive
RT : R . I . P Paul Walker,negative
RT : UNSEEN PHOTOS OF PAUL WALKER,negative
RT : UNSEEN PHOTOS OF PAUL WALKER,negative
"RT : "" If one day the speed kills me do not cry because I was smiling "" - Paul walker . Rip homie",positive
RT : 106 and Park sends our condolences to the loved ones of ' Fast and Furious ' actor Paul Walker . - & gt ; http :,negative
RT : RIP PAUL WALKER OUR LAST PHOTOS,negative
RT : R . I . P PAUL WALKER UNSEEN PHOTOS !,negative
RT : RIP PAUL WALKER . OUR LAST PHOTOS,negative
RT : R . I . P PAUL WALKER UNSEEN PHOTOS !,negative
RT : R . I . P Paul Walker UNSEEN PHOTOS,negative
RT : Paul Walker's daughter posted this ..,positive
RT : R . I . P PAUL WALKER UNSEEN PHOTOS !,negative
RT : RIP Paul Walker . You will be missed . Thoughts go out to friends and family Justin Bieber,positive
RT : R . I . P Paul Walker UNSEEN PHOTOS,negative
RT : R . I . P PAUL WALKER RT FOR RESPECT - UNSEEN PHOTOS,negative
RT : R . I . P Paul Walker UNSEEN PHOTOS,negative
RT : RIP PAUL WALKER OUR LAST PHOTOS,negative
RT : RIP PAUL WALKER OUR LAST PHOTOS,negative
RT : R . I . P PAUL WALKER UNSEEN PHOTOS !,negative
RT : PAUL WALKER RIP UNSEEN PHOTOS !,negative
RT : : Paul Walker's daughter posted this ..,positive
RT : R . I . P PAUL WALKER RT FOR RESPECT - UNSEEN PHOTOS,negative
Man that Paul Walker death hit me hard .,negative
RT : PAUL WALKER RIP UNSEEN PHOTOS !,negative
RT : R . I . P Paul Walker UNSEEN PHOTOS,negative
RT : RIP PAUL WALKER . OUR LAST PHOTOS,negative
RT : Can't believe Paul walker died mane I'm low key hurt,negative
The Fast & amp ; Furious 7 Movie Will Go On After Paul Walkers Tragic Death + Co - Stars Emotional Tribute : In thi ..,negative
RT : R . I . P Paul Walker UNSEEN PHOTOS,negative
RT : : R . I . P . Paul Walker I'm actually heart broken ! What a precious man,negative
RT : R . I . P Paul Walker UNSEEN PHOTOS,negative
RT : ' RIP Paul Walker ' ' Tom Daley comes out as gay ' ' Joe Jonas reveals Demi and Miley pressured him into smoking weed ' http :,positive
RT : If you grew up on fast & amp ; furious movies you would understand how hard it is to know that Paul Walker is dead,positive
RT : We are deeply saddened to learn about the passing of Fast & amp ; Furious actor Paul Walker at the age of 40 . Rest In ..,positive
RT : RIP PAUL WALKER . OUR LAST PHOTOS,negative
RT : RIP Roger Rodas the man who died with Paul Walker but didn't get talked about even though he still lost his life,negative
RT : R . I . P . Paul Walker,negative
RIP Paul Walker,negative
RT : R . I . P PAUL WALKER UNSEEN PHOTOS !,negative
Smh Rappers doing Paul Walker tributes now ?,positive
RT : RIP PAUL WALKER OUR LAST PHOTOS,negative
RT : RIP Paul Walker - UNSEEN PHOTOS :,negative
RT : Tyrese omfg he make me cry more and more R . I . P Paul Walker never forgotten forever in out hearts,positive
RT : RIP PAUL WALKER OUR LAST PHOTOS,negative
RT : u wanna know why Paul Walker is known ? Cause he was a fine as actor .. wanna know why he was such a great actor cause,negative
RT : RIP PAUL WALKER,negative
RT : im really sad about Paul Walker :(,negative
RT : RIP PAUL WALKER OUR LAST PHOTOS,negative
RT : R . I . P Paul Walker UNSEEN PHOTOS,negative
UPDATES The Fast & amp ; Furious 7 Movie Will Go On After Paul Walkers Tragic Death + Co - Stars Emotion ..,negative
RT : Fast & amp ; Furious will NEVER be the same .,positive
The Fast & amp ; Furious 7 Movie Will Go On After Paul Walkers Tragic Death + Co - Stars Emotional Tribute : In thi ..,negative
RT : What Paul walker daughter posted on Instagram has got me in tears,positive
RT : RIP PAUL WALKER OUR LAST PHOTOS,negative
RT : * NEW * Fast & amp ; Furious 7 WILL GO AHEAD after Paul Walker's death ! Full Story :,negative
RT : R . I . P PAUL WALKER RT FOR RESPECT - UNSEEN PHOTOS,negative
RT : I will always remember your amazing smile . R . I . P Paul Walker,positive
RT : RIP PAUL WALKER OUR LAST PHOTOS,negative
RT : R . I . P Paul Walker UNSEEN PHOTOS,negative
RT : Paul Walker - - Death Vigil Grows .. Hundreds of People Visit Fatal Crash Scene,positive
RT : Paul Walker was deeply involved in getting first responders to global disaster areas . Donate to his charity here :,negative
RT : PAUL WALKER RIP UNSEEN PHOTOS !,negative
Paul Walker's Death : 5 Newest Developments ( Video ) still can't believe it :-(,negative
RT : A new report claims mechanical failure was responsible for Paul Walker's crash,positive
RT : Dear Lord give us Paul Walker back . We'l give you Justin Beaver . Merica .,positive
RT : Dear Lord give us Paul Walker back . We'l give you Justin Beaver . Merica .,positive
RT : paul walker thanks for fast and furious,positive
RT : Still trippin out about Paul Walker .. RIP,positive
RT : R . I . P PAUL WALKER UNSEEN PHOTOS !,negative
RT : RIP PAUL WALKER,negative
UPDATES The Fast & amp ; Furious 7 Movie Will Go On After Paul Walkers Tragic Death + Co - Stars Emotion ..,negative
RT : R . I . P PAUL WALKER RT FOR RESPECT - UNSEEN PHOTOS,negative
RT : PAUL WALKER RIP UNSEEN PHOTOS !,negative
RT : RIP to one of my movie star idols since I was a kid Paul Walker,positive
RT : RIP to one of my movie star idols since I was a kid Paul Walker,positive
RT : RIP to one of my movie star idols since I was a kid Paul Walker,positive
RT : RIP to one of my movie star idols since I was a kid Paul Walker,positive
RT : Paul Walker's passing is so sad . I'm thinking of his family . Keep the people you love close to you .,positive
RT : R . I . P PAUL WALKER UNSEEN PHOTOS !,negative
RT : RIP PAUL WALKER OUR LAST PHOTOS,negative
RT : A naked girl can get 10k rt's how many can Paul Walker get ?,positive
RT : RIP to one of my movie star idols since I was a kid Paul Walker,positive
Take a look at these Justin Beiber ones ! Click Here RT * THIS ! RT : We gon get Paul walker back ..,negative
RT : Paul Walker's daughter's post that made me tear up just a little bit,negative
RT : UNSEEN PHOTOS OF PAUL WALKER,negative
RT : R . I . P Paul Walker UNSEEN PHOTOS,negative
RT : R . I . P PAUL WALKER RT FOR RESPECT - UNSEEN PHOTOS,negative
RT : RIP PAUL WALKER . OUR LAST PHOTOS,negative
RT : Dear Lord give us Paul Walker back . We'l give you Justin Beaver . Merica .,positive
RT : PAUL WALKER RIP UNSEEN PHOTOS !,negative
RT : Paul Walker's passing is so sad . I'm thinking of his family . Keep the people you love close to you .,positive
RT : R . I . P PAUL WALKER RT FOR RESPECT - UNSEEN PHOTOS,negative
RT : RIP PAUL WALKER . OUR LAST PHOTOS,negative
RT : UNSEEN PHOTOS OF PAUL WALKER,negative
RT : RIP Paul Walker . You'l always be King of the Nissan Skylines .,positive
RT : Paul Walker is dead & amp ; Tom Daley came out of the closet .. It's just not a good week for girls .,positive
UPDATES The Fast & amp ; Furious 7 Movie Will Go On After Paul Walkers Tragic Death + Co - Stars Emotion ..,negative
A thought for Paul Walker :'( We'l miss you,negative
RT : We are deeply saddened to learn of the passing of Roger Rodas and Paul Walker . Our thoughts and prayers are with their famil,positive
Police probe if Paul Walker was involved in a street race before crash via,positive
RT : : what most people don't know about Paul Walker ..,positive
RT : R . I . P PAUL WALKER UNSEEN PHOTOS !,negative
Lol Paul walker never died . I knew it ! !,negative
RT : R . I . P Paul Walker UNSEEN PHOTOS,negative
RT : This breaks my heart .. RIP Paul Walker,negative
It's so sad a great actor has been lost Paul walker is / was amazing you will be missed by many :(,positive
RT : UNSEEN PHOTOS OF PAUL WALKER,negative
RT : Paul Walker's daughter posted this ..,positive
RT : R . I . P Paul Walker UNSEEN PHOTOS,negative
RT : RIP Paul Walker . Love to all of his family and friends x,positive
"RT : "" When you put good will out there it's amazing what can be accomplished . "" - Paul Walker Reach Out WorldWide .",positive
RT : TOUCHING VIDEO : Tyrese Breaks Down In Tears At The Scene Of Paul Walkers Fatal Crash -,negative
RT : PAUL WALKER RIP UNSEEN PHOTOS !,negative
RT : R . I . P PAUL WALKER RT FOR RESPECT - UNSEEN PHOTOS,negative
Btw Paul Walker isn't dead . Just saw a video from today ?,negative
RT : UNSEEN PHOTOS OF PAUL WALKER,negative
i Tried to watch this many times but i can't it hurts 2013 !,negative
RT : R . I . P PAUL WALKER RT FOR RESPECT - UNSEEN PHOTOS,negative
RT : RIP PAUL WALKER,negative
RT : UNSEEN PHOTOS OF PAUL WALKER,negative
RT : Fast to Furious wont be the same .,positive
RT : Paul Walker death : Celebrities react investigation continues,negative
RT : RIP PAUL WALKER . OUR LAST PHOTOS,negative
RT : Paying tribute to an icon of the industry and an inspiration to many of us . Rest in peace Paul Walker .,positive
RZA - - I Wrote This Song for Paul Walker .. ' I Thought We Had Another Day to .. - Hip ..,negative
RT : Paul Walker's passing is so sad . I'm thinking of his family . Keep the people you love close to you .,positive
hey Paul walker click it or ticket,positive
RT : R . I . P Paul Walker,negative
RT : R . i . P to the driver that died with Paul walker that no one cares about because he wasn't famous,negative
RT : Tyrese Gibson breaks down during emotional visit to scene of accident where Paul Walker died htt,negative
RT : UNSEEN PHOTOS OF PAUL WALKER,negative
RT : PAUL WALKER RIP UNSEEN PHOTOS !,negative
RT : Paul Walker ' Wanted More Time With Daughter Can't imagine the loss Walker & amp ; Rodas families are suffering,negative
RT : RIP PAUL WALKER,negative
RT : UNSEEN PHOTOS OF PAUL WALKER,negative
: The good die young . RIP Paul Walker,negative
RT : UNSEEN PHOTOS OF PAUL WALKER,negative
Was Paul Walker's Deadly Crash Caused By Drag Racing ?,negative
RT : R . I . P PAUL WALKER UNSEEN PHOTOS !,negative
RT : R . I . P PAUL WALKER RT FOR RESPECT - UNSEEN PHOTOS,negative
RT : RIP PAUL WALKER,negative
RT : R . I . P PAUL WALKER RT FOR RESPECT - UNSEEN PHOTOS,negative
RT : Paul Walker's passing is so sad . I'm thinking of his family . Keep the people you love close to you .,positive
RT : UNSEEN PHOTOS OF PAUL WALKER,negative
RT : RIP PAUL WALKER OUR LAST PHOTOS,negative
RT : R . I . P . Paul Walker . fly high angel .,positive
RT : Paul Walker - - Death Vigil Grows .. Hundreds of People Visit Fatal Crash Scene,positive
RT : Paul Walker - - Death Vigil Grows .. Hundreds of People Visit Fatal Crash Scene,positive
RT : R . I . P PAUL WALKER RT FOR RESPECT - UNSEEN PHOTOS,negative
RT : Paul Walker - - Death Vigil Grows .. Hundreds of People Visit Fatal Crash Scene,positive
RT : RIP PAUL WALKER . OUR LAST PHOTOS,negative
RT : im really sad about Paul Walker :(,negative
RT : RIP PAUL WALKER . OUR LAST PHOTOS,negative
RT : RIP PAUL WALKER OUR LAST PHOTOS,negative
RT : R . I . P PAUL WALKER UNSEEN PHOTOS !,negative
RT : PAUL WALKER WOULD WANT YOU TO WATCH,negative
RT : R . I . P PAUL WALKER RT FOR RESPECT - UNSEEN PHOTOS,negative
RT : Rest in peace Paul Walker .,positive
RT : RIP PAUL WALKER OUR LAST PHOTOS,negative
RT : Going to bed having heard the heartbreaking news about Paul Walker . So sad,negative
RT : RIP Paul Walker - UNSEEN PHOTOS :,negative
RT : R . I . P PAUL WALKER UNSEEN PHOTOS !,negative
RT : UNSEEN PHOTOS OF PAUL WALKER,negative
RT : RIP PAUL WALKER OUR LAST PHOTOS,negative
RT : UNSEEN PHOTOS OF PAUL WALKER,negative
RT : Ride or die,positive
we will remember you & lt ; 3,positive
RT : RIP PAUL WALKER OUR LAST PHOTOS,negative
RT : R . I . P PAUL WALKER UNSEEN PHOTOS !,negative
RT : RIP PAUL WALKER . OUR LAST PHOTOS,negative
CLICKhtp :/ t . co / aUnEARWwTm NEW FOLLOWERS Christmas Singapore R . I . P Paul Walker Tom Daley,negative
RT : A naked girl can get 10k rt's how many can Paul Walker get ?,positive
RT : RIP PAUL WALKER OUR LAST PHOTOS,negative
All the burnouts at cpa today were dedicated to Paul walker . Rip,positive
RT : R . I . P Paul Walker UNSEEN PHOTOS,negative
RT : RIP PAUL WALKER OUR LAST PHOTOS,negative
RT : Paul Walker's passing is so sad . I'm thinking of his family . Keep the people you love close to you .,positive
RT : RIP PAUL WALKER OUR LAST PHOTOS,negative
RT : RIP PAUL WALKER OUR LAST PHOTOS,negative
Paul Walker alive .. I believe it .,positive
RT : RIP PAUL WALKER,negative
RT : The crew of Fast and the Furious mourning the loss of Paul Walker . RIP .,positive
RT : RIP PAUL WALKER OUR LAST PHOTOS,negative
RT : Paul Walker's daughter posted this ..,positive
RT : R . I . P PAUL WALKER RT FOR RESPECT - UNSEEN PHOTOS,negative
RT : R . I . P PAUL WALKER UNSEEN PHOTOS !,negative
RT : RIP PAUL WALKER . OUR LAST PHOTOS,negative
RT : R . I . P PAUL WALKER RT FOR RESPECT - UNSEEN PHOTOS,negative
RT : R . I . P Paul Walker UNSEEN PHOTOS,negative
RT : UNSEEN PHOTOS OF PAUL WALKER,negative
RT : RIP PAUL WALKER,negative
RT : RIP Paul Walker - UNSEEN PHOTOS :,negative
RT : R . I . P PAUL WALKER RT FOR RESPECT - UNSEEN PHOTOS,negative
RT : R . I . P PAUL WALKER UNSEEN PHOTOS !,negative
RT : : what most people don't know about Paul Walker ..,positive
RT : aww :(,negative
RT : Tyrese just showed up at Paul Walker's crash site . Didn't say a word just cried and left .,negative
Paul Walker's Davidoff Cool Water Ad Airs During UK Soccer Game Fragrance Company Apologizes,negative
RT : RIP PAUL WALKER OUR LAST PHOTOS,negative
"RT : R . I . P Paul Walker "" Always in our hearts . """,positive
IF ONE DAY SPEED KILLS ME do not cry becaus i will be smiling,positive
RT : Today's topic at skool is Paul Walker,negative
Just learned the news about Paul Walker wow sad news ..,negative
RT : RIP PAUL WALKER OUR LAST PHOTOS,negative
RT : RIP PAUL WALKER . OUR LAST PHOTOS,negative
RT : RIP Paul Walker - UNSEEN PHOTOS :,negative
RT : R . I . P PAUL WALKER RT FOR RESPECT - UNSEEN PHOTOS,negative
RT : Pls stop with the Paul Walker pics,positive
RT : R . I . P PAUL WALKER RT FOR RESPECT - UNSEEN PHOTOS,negative
RT : Our deepest and most sincere condolences to Paul Walker's family .,negative
RT : RIP PAUL WALKER . OUR LAST PHOTOS,negative
RT : Paul Walker's passing is so sad . I'm thinking of his family . Keep the people you love close to you .,positive
RT : I Got respect for Paul walker . But people now a days look up to celebrities to much and not much about other people .,positive
RT : RIP Paul Walker . Love to all of his family and friends x,positive
RT : RIP PAUL WALKER OUR LAST PHOTOS,negative
RT : R . I . P Paul Walker UNSEEN PHOTOS,negative
I am shocked what I have just read ! May Paul Walker and his friend RIP .,positive
Paul Walker !,negative
RT : RIP PAUL WALKER OUR LAST PHOTOS,negative
RT : RT In memory of John Paul Walker ( R . I . P . ) here's one of his best work ' ' FAST AND FURIOUS 6 ' ' ENJOY,positive
RT : Justin with Paul Walker's daughters . Justin Bieber,positive
RT : RIP PAUL WALKER,negative
RT : R . I . P PAUL WALKER RT FOR RESPECT - UNSEEN PHOTOS,negative
RT : The crew of Fast and the Furious mourning the loss of Paul Walker . RIP .,positive
: RIP PAUL WALKER my prayers go out to his family and love ones God Bless,positive
RT : RIP PAUL WALKER OUR LAST PHOTOS,negative
RT : RIP PAUL WALKER . OUR LAST PHOTOS,negative
RT : RIP PAUL WALKER OUR LAST PHOTOS,negative
RT : UNSEEN PHOTOS OF PAUL WALKER,negative
RT : TOUCHING VIDEO : Tyrese Breaks Down In Tears At The Scene Of Paul Walkers Fatal Crash ;,negative
RT : RIP PAUL WALKER OUR LAST PHOTOS,negative
RT : R . I . P PAUL WALKER RT FOR RESPECT - UNSEEN PHOTOS,negative
RT : RIP PAUL WALKER . OUR LAST PHOTOS,negative
RT : RIP PAUL WALKER OUR LAST PHOTOS,negative
Official Paul Walker tweet . ly / rlya 1,positive
RT : What a tragic loss . Paul Walker was such a gem so kind and always had a smile on his face .,positive
RT : RIP PAUL WALKER OUR LAST PHOTOS,negative
RT : The most sincere condolences to Walker's family from the fans from Ukraine . Rest in Peace Dear Paul . h,negative
RT : RIP PAUL WALKER,negative
RT : RIP PAUL WALKER OUR LAST PHOTOS,negative
RT : R . I . P Paul Walker UNSEEN PHOTOS,negative
"RT : Leaked footage from ' Fast 7 ' shows Paul Walker saying "" one more "" when Tyrese pleas "" no more funerals """,negative
RT : R . I . P PAUL WALKER RT FOR RESPECT - UNSEEN PHOTOS,negative
RT : R . I . P Paul Walker UNSEEN PHOTOS,negative
RT :,negative
RT : RIP PAUL WALKER OUR LAST PHOTOS,negative
": "" : Notorious rule """,positive
RT : PAUL WALKER RIP UNSEEN PHOTOS !,negative
RT : RIP Paul Walker . Love to all of his family and friends x,positive
"RT : "" ah holy fuck",negative
RT : R . I . P Paul Walker UNSEEN PHOTOS,negative
I'm so sorry for Paul walker he was my fave actor ever :(,positive
RT : Paul Walker's daughter posted this on Instagram IM CRYING SO HARD OMG THIS IS SO HEART BREAKING,positive
RT : RIP PAUL WALKER OUR LAST PHOTOS,negative
RT : RIP Paul Walker,negative
RT : PAUL WALKER RIP UNSEEN PHOTOS !,negative
RT : Paul Walker shoulda never let dude drive,negative
I'm seeing a lot of posts about people mourning Paul Walker . I'm also seeing posts about how no one mourns the ..,positive
RT : R . I . P PAUL WALKER RT FOR RESPECT - UNSEEN PHOTOS,negative
":'( Rip Paul "" : IMAGES OF PAUL WALKER TRIBUTE ! """,negative
RT : RIP PAUL WALKER OUR LAST PHOTOS,negative
RT : R . I . P PAUL WALKER RT FOR RESPECT - UNSEEN PHOTOS,negative
RT : RIP Paul Walker,negative
RT : A new report claims mechanical failure was responsible for Paul Walker's crash http :,positive
RT : no words .. this destroyed me . R . I . P . Paul Walker,negative
RT : RIP PAUL WALKER OUR LAST PHOTOS,negative
RT : RIP PAUL WALKER,negative
Paul walker death makes feel shit for the whole day,negative
RT : RIP PAUL WALKER . OUR LAST PHOTOS,negative
RT : Paul Walker's daughter posted this ..,positive
: R . I . P Paul Walker You inspired many .. one of them is me :( ! Same here and was looking forward to seeing fast and furious 7,positive
RT : If you grew up on fast & amp ; furious movies you would understand how hard it is to know that Paul Walker is dead,positive
RT : PAUL WALKER RIP UNSEEN PHOTOS !,negative
RT : Paul Walker's passing is so sad . I'm thinking of his family . Keep the people you love close to you .,positive
RT : RIP PAUL WALKER OUR LAST PHOTOS,negative
RT : Paul Walker's daughter's post that made me tear up just a little bit,negative
RT : R . I . P PAUL WALKER RT FOR RESPECT - UNSEEN PHOTOS,negative
RT : PAUL WALKER RIP UNSEEN PHOTOS !,negative
Paul Walker's Davidoff Cool Water Ad Airs During UK Soccer Game Fragrance Company Apologizes,negative
Paul Walker alive ?,positive
I understand being upset about Paul Walker's death but how about recognizing the guy who was also killed in the same wreck ?,negative
RT : RIP PAUL WALKER OUR LAST PHOTOS,negative
When you put good will out there it's amazing what can be accomplished . - Paul Walker,positive
Paul Walker's Davidoff Cool Water Ad Airs During UK Soccer Game Fragrance Company Apologizes,negative
RT : RIP PAUL WALKER,negative
RT : R . I . P Paul Walker UNSEEN PHOTOS,negative
RT : News about Paul Walker is so crazy . Life is extremely short . You truly never know . My prayers are with his family and fr,positive
RT : R . I . P PAUL WALKER UNSEEN PHOTOS !,negative
RT : UNSEEN PHOTOS OF PAUL WALKER,negative
RT : RIP PAUL WALKER OUR LAST PHOTOS,negative
Paul Walker Illuminati Murder Conspiracy Theories Explained,negative
RT : RIP PAUL WALKER OUR LAST PHOTOS,negative
: Paul Walker's daughter posted this ..,positive
RT : RIP PAUL WALKER . OUR LAST PHOTOS,negative
"VIDEO : On "" E ! News "" Tonight : Paul Walker Tragedy",negative
RT : R . I . P Paul Walker UNSEEN PHOTOS,negative
RT : Paul Walker's passing is so sad . I'm thinking of his family . Keep the people you love close to you .,positive
"RT : "" If speed one day kills me dont be sad because I was smiling "" - Paul Walker T . T",negative
RT : PAUL WALKER RIP UNSEEN PHOTOS !,negative
RT : still don't want to believe that Paul Walker died ..,negative
RT : RIP PAUL WALKER,negative
RT : UNSEEN PHOTOS OF PAUL WALKER,negative
R . I . P Paul Walker,negative
RT : R . I . P Paul Walker UNSEEN PHOTOS,negative
RT : RIP PAUL WALKER OUR LAST PHOTOS,negative
"RT : Fast and Furious 7 "" Delayed "" But "" Won't Be Scrapped "" Following Paul Walker's Death : Report",negative
' Fast & amp ; Furious 7 ' To Go On Despite Paul Walker's Death -,negative
RT : R . I . P Paul Walker UNSEEN PHOTOS,negative
RT : So sad to hear about Paul Walker beautiful talented man RIP .,negative
did u see Paul walker died,negative
": Ati R . I . P Paul Walker You'l surely be missed in the music industry "" I've lafed zambians are deep . lol """,positive
RT : R . I . P PAUL WALKER RT FOR RESPECT - UNSEEN PHOTOS,negative
Paul walker,positive
RT : RIP PAUL WALKER OUR LAST PHOTOS,negative
RT : UNSEEN PHOTOS OF PAUL WALKER,negative
RT : R . I . P PAUL WALKER RT FOR RESPECT - UNSEEN PHOTOS,negative
RT : Paul Walker's daughter posted this,positive
RT : RIP Paul Walker so sad,negative
RT : RIP PAUL WALKER . OUR LAST PHOTOS,negative
RT : R . I . P PAUL WALKER RT FOR RESPECT - UNSEEN PHOTOS,negative
RT : : : : Paul Walker's daughter wrote this . And I'm crying,negative
RT : PAUL WALKER RIP UNSEEN PHOTOS !,negative
RT : R . I . P PAUL WALKER UNSEEN PHOTOS !,negative
RT : Paul Walker ? No . Please no .,positive
RT : :( :( R . I . P Paul Walker I miss you ! :/,negative
RT : R . I . P Paul Walker UNSEEN PHOTOS,negative
RT : RIP PAUL WALKER OUR LAST PHOTOS,negative
RT : RIP PAUL WALKER . OUR LAST PHOTOS,negative
RT : : Tyrese Gibson Breaks Down Crying Tears At Paul Walker Crash Site ! R . I . P Paul Walker,negative
RT : - he was a lovely person - so sweet and grounded . My heart goes out to his family .,positive
RT : R . I . P PAUL WALKER RT FOR RESPECT - UNSEEN PHOTOS,negative
RT : UNSEEN PHOTOS OF PAUL WALKER,negative
RT : RIP PAUL WALKER . OUR LAST PHOTOS,negative
RT : UNSEEN PHOTOS OF PAUL WALKER,negative
RT : Just saw an image of Paul Walker after the crash ! My fear of dying in a crash just increased 10 % . Jah know star !,positive
RT : R . I . P to the driver that was with Paul Walker that no one cares about because he wasn't famous,positive
RT : RIP PAUL WALKER . OUR LAST PHOTOS,negative
RT : AUTOPSY FOR PAUL WALKER SCHEDULED FOR TOMORROW .,negative
Too sad ! Fast & amp ; Furious co-star Tyrese Cries atscene of Paul Walker's death ! !,negative
RT : This video of Tyrese Gibson at the site of Paul Walker's car crash will break your heart,positive
RT : R . I . P PAUL WALKER UNSEEN PHOTOS !,negative
RT : RIP PAUL WALKER OUR LAST PHOTOS,negative
Too sad ! Fast & amp ; Furious co-star Tyrese Cries atscene of Paul Walker's death ! !,negative
RT : RIP PAUL WALKER OUR LAST PHOTOS,negative
Paul Walker I love those gorgeous blue eyes,positive
About to watch all the fast and furious movies and be upset because Paul walker won't be on the next one .,negative
RT : R . I . P PAUL WALKER RT FOR RESPECT - UNSEEN PHOTOS,negative
RT : AUTOPSY FOR PAUL WALKER SCHEDULED FOR TOMORROW .,negative
RT : PAUL WALKER RIP UNSEEN PHOTOS !,negative
"RT : "" If one day the speed kills me do not cry because I was smiling "" - Paul walker . Rip homie",positive
RT : RIP PAUL WALKER OUR LAST PHOTOS,negative
RIP Paul Walker rest easy beautiful angel,positive
Paul walker RIP . Rest In Porshe,positive
RT : Its strange sum ppl crying for Paul Walker ? ? Instead weap over ur sins,negative
RT : RIP PAUL WALKER OUR LAST PHOTOS,negative
RT : R . I . P Paul Walker UNSEEN PHOTOS,negative
RT : PAUL WALKER RIP UNSEEN PHOTOS !,negative
RT : R . I . P Paul Walker UNSEEN PHOTOS,negative
RT : RIP PAUL WALKER . OUR LAST PHOTOS,negative
RT : RIP Paul Walker,negative
RT : Take a look back at the movie role that made everyone fall in love with Paul Walker : Pleasantville,positive
RT : RIP PAUL WALKER OUR LAST PHOTOS,negative
RT : R . I . P to the driver who died with Paul Walker that no one cares about because he wasnt famous,negative
RT : UNSEEN PHOTOS OF PAUL WALKER,negative
RT : RIP PAUL WALKER OUR LAST PHOTOS,negative
"RT : Fast and Furious 7 "" Delayed "" But "" Won't Be Scrapped "" Following Paul Walker's Death : Report",negative
RT : Paul Walker's daughter's post that made me tear up just a little bit,negative
RT : RIP PAUL WALKER OUR LAST PHOTOS,negative
RT :,negative
RT : Our deepest and most sincere condolences to Paul Walker's family .,negative
RT : R . I . P PAUL WALKER UNSEEN PHOTOS !,negative
RT : PAUL WALKER RIP UNSEEN PHOTOS !,negative
RT : RIP Paul Walker - UNSEEN PHOTOS :,negative
* RT this * follow me * I follow back ( ask ) * hope y'al gain * may goal 800 today Justin Bieber,positive
RT : R . I . P . To Roger Rodus the guy that died with Paul Walker ! Prayers go out to you as well ! ! RT because he human to http :,negative
RT : R . I . P Paul Walker you will forever hold a special place in my heart,positive
RT : R . I . P PAUL WALKER RT FOR RESPECT - UNSEEN PHOTOS,negative
RT : PAUL WALKER RIP UNSEEN PHOTOS !,negative
RT : RZA - - I Wrote This Song for Paul Walker .. ' I Thought We Had Another Day to Smile ',negative
RT : RIP Paul Walker - UNSEEN PHOTOS :,negative
RT : UNSEEN PHOTOS OF PAUL WALKER,negative
RT : RIP PAUL WALKER OUR LAST PHOTOS,negative
RT : PAUL WALKER RIP UNSEEN PHOTOS !,negative
RT : RIP PAUL WALKER OUR LAST PHOTOS,negative
RT : Our deepest and most sincere condolences to Paul Walker's family .,negative
RT : R . I . P PAUL WALKER UNSEEN PHOTOS !,negative
RT : RIP PAUL WALKER OUR LAST PHOTOS,negative
RT : im really sad about Paul Walker :(,negative
"RIP Paul Walker O : "" ) Fast & amp ; Furious",positive
RT : R . I . P PAUL WALKER RT FOR RESPECT - UNSEEN PHOTOS,negative
RT : R . I . P PAUL WALKER RT FOR RESPECT - UNSEEN PHOTOS,negative
RT : RIP PAUL WALKER OUR LAST PHOTOS,negative
RT : RIP Paul Walker,negative
RT : RIP PAUL WALKER OUR LAST PHOTOS,negative
RT : Paul Walker auditioned for the role of Anakin Skywalker in Star Wars but was to old for the part .,positive
RT : Paul Walker's childhood friends remember a compassionate fun-loving guy,positive
Still in shock about Paul Walker,positive
RT : UNSEEN PHOTOS OF PAUL WALKER,negative
RT : R . I . P PAUL WALKER RT FOR RESPECT - UNSEEN PHOTOS,negative
RT : PAUL WALKER RIP UNSEEN PHOTOS !,negative
RT : TOUCHING VIDEO : Tyrese Breaks Down In Tears At The Scene Of Paul Walkers Fatal Crash ;,negative
Fast & amp ; Furious won't be the same,positive
RT : RIP Roger Rodas the guy driving the car with Paul Walker in the passenger seat . The guy who isn't recognized because he,positive
"RT : "" If one day the speed kills me don't cry because I'l be smiling "" - Paul Walker",positive
RT : RIP Paul Walker - UNSEEN PHOTOS :,negative
RT : RIP PAUL WALKER . OUR LAST PHOTOS,negative
RT : R . I . P Paul Walker UNSEEN PHOTOS,negative
Paul Walker's ' Heart Was So Big ' Says Dad,negative
RT : R . I . P PAUL WALKER RT FOR RESPECT - UNSEEN PHOTOS,negative
RT : RIP PAUL WALKER OUR LAST PHOTOS,negative
RT : R . I . P PAUL WALKER UNSEEN PHOTOS !,negative
RT : R . I . P PAUL WALKER RT FOR RESPECT - UNSEEN PHOTOS,negative
RT : R . I . P PAUL WALKER RT FOR RESPECT - UNSEEN PHOTOS,negative
RT : RIP Roger Rodas the man who died with Paul Walker but didn't get talked about even though he still lost his life,negative
RT : If you grew up on fast & amp ; furious movies you would understand how hard it is to know that Paul Walker is dead,positive
RT : Shocking news to hear about Paul Walker . Really tragic .,negative
RT : PAUL WALKER RIP UNSEEN PHOTOS !,negative
RT : RIP PAUL WALKER OUR LAST PHOTOS,negative
RT : R . I . P PAUL WALKER RT FOR RESPECT - UNSEEN PHOTOS,negative
RT : R . I . P PAUL WALKER RT FOR RESPECT - UNSEEN PHOTOS,negative
RT : PAUL WALKER RIP UNSEEN PHOTOS !,negative
"RT : "" Godbye Paul Walker "" "" Godbye Brian O'Conor "" "" Godbye Fast & amp ; Furious """,positive
RT : UNSEEN PHOTOS OF PAUL WALKER,negative
RT : R . I . P Paul Walker UNSEEN PHOTOS,negative
RT : RIP Paul Walker - UNSEEN PHOTOS :,negative
RT : : Paul Walker's daughter posted this ..,positive
RT : R . I . P PAUL WALKER RT FOR RESPECT - UNSEEN PHOTOS,negative
RT : PAUL WALKER RIP UNSEEN PHOTOS !,negative
RT : RIP PAUL WALKER . OUR LAST PHOTOS,negative
RT : RIP PAUL WALKER OUR LAST PHOTOS,negative
"RT : "" If one day the speed kills me don't cry because I was smiling "" - Paul Walker",negative
RT : RIP PAUL WALKER . OUR LAST PHOTOS,negative
RT : RIP Paul Walker,negative
:'( :'(,negative
RT : R . I . P Paul Walker UNSEEN PHOTOS,negative
RT : RIP PAUL WALKER . OUR LAST PHOTOS,negative
It annoys me because your all saying R . I . P Paul Walker but no one has said R . I . P to the driver because he wasn't famous .,negative
RT : R . I . P Paul Walker you will forever hold a special place in my heart,positive
RT : RIP PAUL WALKER . OUR LAST PHOTOS,negative
"RT : "" If one day the speed kills me do not cry because I was smiling "" - Paul walker . Rip homie",positive
RT : The first one of my friends to change their Facebook profile photo to Paul Walker is getting unfriended .,positive
RT : A naked girl can get 10k rt's how many can Paul Walker get ?,positive
RT : Shocking news to hear about Paul Walker . Really tragic .,negative
RT : RIP Paul Walker - UNSEEN PHOTOS :,negative
RT : RIP PAUL WALKER OUR LAST PHOTOS,negative
RT : R . I . P PAUL WALKER UNSEEN PHOTOS !,negative
RT : DEP Paul Walker,negative
RT : RIP PAUL WALKER OUR LAST PHOTOS,negative
RT : R . I . P Paul Walker UNSEEN PHOTOS,negative
RT : R . I . P PAUL WALKER RT FOR RESPECT - UNSEEN PHOTOS,negative
"RT : Really ? : R . I . P Paul Walker ? LOL ! Paul Walker still alive ! """,negative
RT : R . I . P Paul Walker UNSEEN PHOTOS,negative
RT : RIP PAUL WALKER OUR LAST PHOTOS,negative
RT : Fast & amp ; Furious will NEVER be the same .,positive
RT : RIP PAUL WALKER OUR LAST PHOTOS,negative
RT : R . I . P PAUL WALKER UNSEEN PHOTOS !,negative
RT : UNSEEN PHOTOS OF PAUL WALKER,negative
RT : All that really matters is that the people you love are happy and healthy . Everything else is just sprinkles on the sund,positive
RT : : Life is a vapor . Yes it is . Condolences to the family of Paul Walker .,positive
Will miss u Paul Walker . ..,negative
RT : R . I . P PAUL WALKER UNSEEN PHOTOS !,negative
"RT : Paul Walker's father speaks out about his soon says "" his heart was so big . """,positive
RT : UNSEEN PHOTOS OF PAUL WALKER,negative
RT : RIP Paul Walker . Such a tragedy when an incredible talent and an even better heart passes away so young . My prayers are wi,negative
RT : RIP Paul Walker rest easy beautiful angel,positive
RT : R . I . P PAUL WALKER RT FOR RESPECT - UNSEEN PHOTOS,negative
RT : R . I . P PAUL WALKER UNSEEN PHOTOS !,negative
RT : 2013 acabando paul walker cory monteith boate kiss eu com fome tpm Demi Lovato,negative
RT : R . I . P PAUL WALKER RT FOR RESPECT - UNSEEN PHOTOS,negative
RT : R . I . P Paul Walker UNSEEN PHOTOS,negative
RT : RIP Paul Walker - UNSEEN PHOTOS :,negative
What Paul walker might be alive,positive
Who will replace him in the next Fast and Furious movie ? I think there will be no one can replace him :(,positive
"RT : R . I . P Paul Walker "" Always in our hearts . """,positive
RT : Rest in piece and Roger Rodas .,positive
CLICK NEW FOLLOWERS Singapore Tom Daley R . I . P Paul Walker TWD Christmas,negative
RT : : Paul Walker's daughter posted this ..,positive
RT : Paul Walker's daughter posted this ..,positive
RT : Paul Walker ? No . Please no .,positive
I still can't get over that Paul Walker is dead,negative
RT : Paul Walker .. Chris Brown,negative
Shut up about the passenger in the car with Paul Walker . People do care .,positive
RT : RIP Paul Walker rest easy beautiful angel,positive
: My brakes are going bad .. I think I might die one day soon . NO ! The world can't lose Paul Walker & amp ; you in one week,negative
RT : R . I . P PAUL WALKER RT FOR RESPECT - UNSEEN PHOTOS,negative
RT : R . I . P Paul Walker UNSEEN PHOTOS,negative
"Watch "" Tyrese Breaks Down in Tears at Paul Walker Crash Site "" on YouTube -",positive
Females only cared about Paul Walker cause they thought he was sexy .,negative
RT : men mat ? - Paul walker * opens Google and writes Paul Walker * * eda da moz * * 5 mins later * - RIP Paul Walker I'l miss you : ' ',negative
RT : RIP PAUL WALKER . OUR LAST PHOTOS,negative
RT : RIP PAUL WALKER . OUR LAST PHOTOS,negative
GOhtp :/ t . co / VNtjCdNYMY 384 NEW FOLLOWERS R . I . P Paul Walker Shiomu Astor,positive
RT : ' Fast & amp ; Furious 7 ' will be put on hold following the recent death of Paul Walker .,positive
RT : RIP PAUL WALKER OUR LAST PHOTOS,negative
RT : RIP Paul Walker - UNSEEN PHOTOS :,negative
RT : RIP Paul Walker - UNSEEN PHOTOS :,negative
RT : UNSEEN PHOTOS OF PAUL WALKER,negative
RT : RIP PAUL WALKER . OUR LAST PHOTOS,negative
RT : RIP Paul Walker,negative
RT : RIP Paul Walker,negative
RT : RIP Paul Walker so sad,negative
RT : R . I . P Paul Walker UNSEEN PHOTOS,negative
RT : RIP PAUL WALKER OUR LAST PHOTOS,negative
RT : If one day the speed kills me don't cry cause I was smiling - Paul Waker,negative
RT : RIP PAUL WALKER OUR LAST PHOTOS,negative
RT : R . I . P PAUL WALKER UNSEEN PHOTOS !,negative
RT : R . I . P PAUL WALKER RT FOR RESPECT - UNSEEN PHOTOS,negative
RT : RIP PAUL WALKER OUR LAST PHOTOS,negative
Paul Walker's Davidoff Cool Water Ad Airs During UK Soccer Game Fragrance Company Apologizes,negative
RT : Paul Walker on Christian Faith : ' Who Couldn't Believe There's a God ? ' / /,positive
RT : UNSEEN PHOTOS OF PAUL WALKER,negative
RT : RIP PAUL WALKER . OUR LAST PHOTOS,negative
RT : UNSEEN PHOTOS OF PAUL WALKER,negative
RT : AUTOPSY FOR PAUL WALKER SCHEDULED FOR TOMORROW .,negative
RT : R . I . P PAUL WALKER RT FOR RESPECT - UNSEEN PHOTOS,negative
RT : you truly will be missed . Fast and Furious will never be the same without you .,positive
RT : ' ' Race in paradise ! ',positive
RT : R . I . P PAUL WALKER UNSEEN PHOTOS !,negative
Tyrese at the crash site of Paul Walker . RIP via @,positive
RT : RIP PAUL WALKER OUR LAST PHOTOS,negative
RT : Paid respects to Paul Walker at the site where he and his friend crashed . @ Valencia,negative
People are getting on my nerves . PAUL Walker DIED . stop posting things saying that this accident was fake and posting up vines of him talkn,positive
RIP paul walker,positive
RT : R . I . P PAUL WALKER RT FOR RESPECT - UNSEEN PHOTOS,negative
RT : RIP Paul Walker - UNSEEN PHOTOS :,negative
RT : R . I . P Paul Walker UNSEEN PHOTOS,negative
RT : R . I . P PAUL WALKER RT FOR RESPECT - UNSEEN PHOTOS,negative
RT : R . I . P Paul Walker UNSEEN PHOTOS,negative
RT : RIP PAUL WALKER OUR LAST PHOTOS,negative
RT : RIP PAUL WALKER . OUR LAST PHOTOS,negative
"Coworker : "" Yeah this week sucks . I had to drop Paul Walker from my fantasy nascar team . """,negative
RT : RIP PAUL WALKER OUR LAST PHOTOS,negative
RT : RIP Paul Walker - UNSEEN PHOTOS :,negative
RT : RIP PAUL WALKER . OUR LAST PHOTOS,negative
Fast & amp ; Furious will NEVER be the same .,positive
RT : RIP PAUL WALKER OUR LAST PHOTOS,negative
RT : R . I . P PAUL WALKER RT FOR RESPECT - UNSEEN PHOTOS,negative
RT : R . I . P PAUL WALKER RT FOR RESPECT - UNSEEN PHOTOS,negative
RT : R . I . P PAUL WALKER RT FOR RESPECT - UNSEEN PHOTOS,negative
Fast & amp ; Furious 7 will ' go ahead ' : Fast & amp ; Furious 7 is to go ahead following the death one of its stars Paul Walker according to the ..,positive
RT : R . I . P Paul Walker UNSEEN PHOTOS,negative
RT : R . I . P PAUL WALKER RT FOR RESPECT - UNSEEN PHOTOS,negative
A tribute from France . Here this tragedy is a shock . Paul will remain in our hearts .,positive
RT : Paul Walker's daughter posted this,positive
RT : A naked girl can get 10k rt's how many can Paul Walker get ?,positive
RT : PAUL WALKER RIP UNSEEN PHOTOS !,negative
"RT : R . I . P Paul Walker "" Always in our hearts . """,positive
"Some broad posted a "" man crush Monday "" picture of Paul walker . I took that way to literal .",positive
RT : RIP PAUL WALKER OUR LAST PHOTOS,negative
RT : R . I . P PAUL WALKER RT FOR RESPECT - UNSEEN PHOTOS,negative
RT : UNSEEN PHOTOS OF PAUL WALKER,negative
still can't believe that Paul Walker's dead though,negative
RT : A ride of honor and remembering a fellow friend brother father & amp ; inspiration to us all,positive
RT : Paul walker didn't deserve it but i guess when good calls you home you go .,negative
RT : PAUL WALKER RIP UNSEEN PHOTOS !,negative
RT : RIP PAUL WALKER OUR LAST PHOTOS,negative
RT : R . I . P PAUL WALKER UNSEEN PHOTOS !,negative
RT : RIP PAUL WALKER OUR LAST PHOTOS,negative
RT : UNSEEN PHOTOS OF PAUL WALKER,negative
RT : RIP PAUL WALKER OUR LAST PHOTOS,negative
RT : Our deepest and most sincere condolences to Paul Walker's family .,negative
RT : RIP PAUL WALKER OUR LAST PHOTOS,negative
RT : R . I . P Paul Walker UNSEEN PHOTOS,negative
RT :,negative
RT : R . I . P PAUL WALKER RT FOR RESPECT - UNSEEN PHOTOS,negative
Paul Walker's Deadly Crash May Have Been the Result of Drag Racing : Report,positive
RT : RIP Paul Walker - UNSEEN PHOTOS :,negative
Paul Walker .. Fast & amp ; Furious Forever ! ! Family .,positive
RT : RIP PAUL WALKER OUR LAST PHOTOS,negative
RT : - he was a lovely person - so sweet and grounded . My heart goes out to his family .,positive
RT : R . I . P PAUL WALKER RT FOR RESPECT - UNSEEN PHOTOS,negative
Rip paul walker and the driver that was with him u will be missed by everyone may u both rest in peace ! ! :'(,positive
RT : R . I . P PAUL WALKER RT FOR RESPECT - UNSEEN PHOTOS,negative
RT : UNSEEN PHOTOS OF PAUL WALKER,negative
RT : R . I . P PAUL WALKER RT FOR RESPECT - UNSEEN PHOTOS,negative
RT : * NEW * Tyrese Breaks Down Crying At Paul Walker's Crash Site WATCH :,negative
RT : PAUL WALKER RIP UNSEEN PHOTOS !,negative
RT : : : Dear Lord give us Paul Walker back . We'l give you Justin Beaver . Merica .,positive
RT : Paul Walker's daughter posted this ..,positive
"RT : RZA Pays Tribute To Paul Walker With "" Destiny Bends "" ( Audio )",negative
RT : I am Paul walker,positive
RT : RIP PAUL WALKER . OUR LAST PHOTOS,negative
RT : PAUL WALKER RIP UNSEEN PHOTOS !,negative
RT : RIP Paul Walker - UNSEEN PHOTOS :,negative
: A naked girl can get 10k rt's how many can Paul Walker get ? you not about to use him for RTs,positive
Paul waker excelente actor . Gran perdida,positive
"R . I . P Paul Walker Dies "" Fast & amp ; Furious "" Dead at 40 [ TRIBUTE 2013 ]: va",negative
RT : RIP Paul Walker :'(,negative
RT : Paul Walkers daughter posted this on insta . im sobbing .,negative
RT : R . I . P PAUL WALKER RT FOR RESPECT - UNSEEN PHOTOS,negative
R . I . P PAUL WALKER RT FOR RESPECT - UNSEEN PHOTOS,negative
RT : Watch Paul Walker gone be every girl MCM .,negative
RT : R . I . P Paul Walker UNSEEN PHOTOS,negative
RT : forever missed,negative
RT : R . I . P PAUL WALKER RT FOR RESPECT - UNSEEN PHOTOS,negative
RT : RIP Paul Walker - UNSEEN PHOTOS :,negative
RT : RIP PAUL WALKER . OUR LAST PHOTOS,negative
RT : R . I . P PAUL WALKER RT FOR RESPECT - UNSEEN PHOTOS,negative
RT : UNSEEN PHOTOS OF PAUL WALKER,negative
RT : RIP PAUL WALKER OUR LAST PHOTOS,negative
RT : PAUL WALKER RIP UNSEEN PHOTOS !,negative
RT : : I've already seen 4 for Paul Walker . Ugh you bum bitches .,negative
RT : PAUL WALKER RIP UNSEEN PHOTOS !,negative
R . I . P Paul Walker . He was a great a actor,positive
RZA - - I Wrote This Song for Walker .. ' I Thought We Had Another Day to Smile ' via,positive
RT : Paul Walker's daughter posted this ..,positive
RT : RIP PAUL WALKER . OUR LAST PHOTOS,negative
If speed one day kills me dont be sad because I was smiling - Paul Walker .. WE MISS YOU !,negative
Paul Walker Remembered By Ludacris Rihanna Justin Bieber .. : Paul Walker star of the Fast & amp ; Furious movie ..,positive
If one day speed kills me do not cry because I was smiling Dedicate my to Paul Walker . Rest,negative
RT : RIP Roger Rodas the man who died with Paul Walker that everybody forgot about,negative
"This song has me in tears . Beautiful ! "" : RZA "" Destiny Bends "" - a tribute to Paul Walker """,positive
RT : paul walker thanks for fast and furious,positive
RT : Paul Walker Crash - - Cops Wrestled Friend Away from Burning Car [ Photos ],negative
Paul walker died in my dream car,negative
RT : The outpouring on the death of Paul Walker is due to the fact that he kept his celebrity life a low profile . Respect .,negative
RT :,negative
RT : Our deepest and most sincere condolences to Paul Walker's family .,negative
RT : RIP Paul Walker . You'l always be King of the Nissan Skylines .,positive
RT : R . I . P PAUL WALKER UNSEEN PHOTOS !,negative
RT : RIP PAUL WALKER OUR LAST PHOTOS,negative
RT : with in,positive
RT : RIP PAUL WALKER OUR LAST PHOTOS,negative
So The guy who drove in the car with Paul Walker was a nascar driver and Paul Walker is a actor in a racing movie . Even more ironic .,positive
Paul walker can't be died he's my favorite person for acting he can't die no no no please don't go paul,negative
RT : RIP PAUL WALKER OUR LAST PHOTOS,negative
RT : R . I . P Paul Walker UNSEEN PHOTOS,negative
RT : I'm sorry guys Paul Walker was 1 of my favorite actors .. & amp ; I couldn't handle my emotions when I heard he died . death real,negative
RT : So sad about Paul Walker . May he rest in peace and join the Angels above . A truly beautiful person in work and helping o,positive
RT : RIP PAUL WALKER OUR LAST PHOTOS,negative
"RT : By the way R . I . P Paul Walker . I'l forever miss your music . You were such a soulful singer . """,positive
"RT : "" If one day the speed kills me do not cry because I was smiling "" - Paul walker . Rip homie",positive
"RT : "" When you put good will out there it's amazing what can be accomplished . "" - Paul Walker Reach Out WorldWide .",positive
RT : RIP Paul Walker . Love to all of his family and friends x,positive
RT : RIP Paul Walker - UNSEEN PHOTOS :,negative
Paul Walker JUST passed and now Tom Daley just came out . he shouldve waited girls cant handle all of this in a couple days,negative
RT : R . I . P PAUL WALKER RT FOR RESPECT - UNSEEN PHOTOS,negative
RT : R . I . P Paul Walker UNSEEN PHOTOS,negative
RT : what most people don't know about Paul Walker ..,positive
RT : RIP Paul Walker - UNSEEN PHOTOS :,negative
RT : R . I . P PAUL WALKER RT FOR RESPECT - UNSEEN PHOTOS,negative
amazing tribute song to Paul Walker,positive
RT : PAUL WALKER RIP UNSEEN PHOTOS !,negative
RT : UNSEEN PHOTOS OF PAUL WALKER,negative
in a meeting discussing where we were when we found out Paul Walker had died,negative
RT : The true friendship .. R . I . P Paul Walker !,positive
RT :,negative
RT : RIP PAUL WALKER OUR LAST PHOTOS,negative
RT : RIP PAUL WALKER . OUR LAST PHOTOS,negative
RT : PAUL WALKER RIP UNSEEN PHOTOS !,negative
RT : R . I . P Paul Walker UNSEEN PHOTOS,negative
RT : PAUL WALKER RIP UNSEEN PHOTOS !,negative
RT : RIP Paul Walker .. :( and the thousands of others that died today . You're all important to .,positive
RT : RIP Paul Walker - UNSEEN PHOTOS :,negative
"New post : What Paul Walker & amp ; ; s Death Means to the "" Fast & amp ; Furious "" Series",positive
Paul Walker's Shirtless Photo Shoot,negative
RT : UNSEEN PHOTOS OF PAUL WALKER,negative
RT : RIP PAUL WALKER OUR LAST PHOTOS,negative
Paul walker is alive aww thank God . FoH !,positive
RT : im like legit depressed over this paul walker death . like . its all i can think about . :(,negative
RT : R . I . P Paul Walker's Friend Roger Rodas,negative
RT : PAUL WALKER RIP UNSEEN PHOTOS !,negative
RT : what most people don't know about Paul Walker ..,positive
RT : R . I . P Paul Walker UNSEEN PHOTOS,negative
"RT : Really ? : R . I . P Paul Walker ? LOL ! Paul Walker still alive ! """,negative
RT : R . I . P Paul Walker UNSEEN PHOTOS,negative
RT : what most people don't know about Paul Walker ..,positive
RT : R . I . P PAUL WALKER RT FOR RESPECT - UNSEEN PHOTOS,negative
RT : what most people don't know about Paul Walker ..,positive
RT : what most people don't know about Paul Walker ..,positive
RT : R . I . P PAUL WALKER UNSEEN PHOTOS !,negative
Still can't believe Paul Walker is dead why do the best die young !,negative
RT : RIP PAUL WALKER OUR LAST PHOTOS,negative
R . I . P Paul Walker Beloved husband Father and Friend . May your soul find peace in the Arms of Angels ..,positive
RT : RIP Paul Walker - UNSEEN PHOTOS :,negative
RT : Heartbreaking pic : Tyrese cries at scene of Paul Walker's death,negative
RT : RIP PAUL WALKER OUR LAST PHOTOS,negative
If one day the speed kills me do not cry because I was smiling . - Paul Walker,negative
RT : RIP Paul Walker,negative
Life iz way to short .,positive
RT : Last photo of Paul Walker,positive
ay these Fast n Furious Producers are probably twerking n shit on their desks .. Their movie is aboutta make bank cuz of Paul Walker,positive
RT : RIP PAUL WALKER OUR LAST PHOTOS,negative
RT : UNSEEN PHOTOS OF PAUL WALKER,negative
RT : RIP PAUL WALKER OUR LAST PHOTOS,negative
RT : R . I . P PAUL WALKER RT FOR RESPECT - UNSEEN PHOTOS,negative
RT : R . I . P Paul Walker UNSEEN PHOTOS,negative
my nigga Paul walker rip,negative
RT : Still taking in that Paul Walker died,negative
RT : what most people don't know about Paul Walker ..,positive
RT : R . I . P PAUL WALKER RT FOR RESPECT - UNSEEN PHOTOS,negative
RT : VIDEO RT RT - - Paul Walker & amp ; Vin Diesel Tyrese Celebrated 40th BdaY,positive
RT : R . I . P PAUL WALKER UNSEEN PHOTOS !,negative
Inside Paul Walkers Final Hours Prior To Fiery Crash : Paul Walker Had a Great Night Before Death Hours before ..,positive
RT : R . I . P PAUL WALKER UNSEEN PHOTOS !,negative
RT : what most people don't know about Paul Walker ..,positive
RT : pelo paul walker Fast & amp ; Furious 6,positive
RT : RIP Paul Walker,negative
RT : R . I . P PAUL WALKER RT FOR RESPECT - UNSEEN PHOTOS,negative
RT : RIP PAUL WALKER OUR LAST PHOTOS,negative
RT : UNSEEN PHOTOS OF PAUL WALKER,negative
RT : R . I . P PAUL WALKER RT FOR RESPECT - UNSEEN PHOTOS,negative
RT : RIP Paul Walker - UNSEEN PHOTOS :,negative
RT : UNSEEN PHOTOS OF PAUL WALKER,negative
RT : R . I . P PAUL WALKER UNSEEN PHOTOS !,negative
RT : RIP PAUL WALKER OUR LAST PHOTOS,negative
RT : R . I . P PAUL WALKER UNSEEN PHOTOS !,negative
RT : RIP PAUL WALKER OUR LAST PHOTOS,negative
IMMORTAL,negative
RT : RIP to Paul Walker and the driver of the vehicle who is rarely acknowledged because he is not famous . A travesty all,positive
RT : I am Paul walker,positive
RT : It's with a heavy heart that we must confirm Paul Walker passed away today in a tragic car accident . MORE :,negative
RT : RIP PAUL WALKER . OUR LAST PHOTOS,negative
RT : what most people don't know about Paul Walker ..,positive
RT : Going to bed having heard the heartbreaking news about Paul Walker . So sad,negative
This kid just did his speech on Paul Walker . I can't,negative
RT : RIP Paul Walker,negative
RT : R . I . P PAUL WALKER RT FOR RESPECT - UNSEEN PHOTOS,negative
RT : RIP PAUL WALKER OUR LAST PHOTOS,negative
: what most people don't know about Paul Walker .. A esto me refiero ..,negative
RT : Paul Walker's daughter is a belieber and He also liked Justin to . He will be missed I can't even . http,negative
VIDEO : Paul Walker Death New Saab 9-3 2015 Genesis BMW All-Electric & amp ; CoW !,positive
RT : We will miss you Paul . And you will always be remembered .,positive
RT : R . I . P PAUL WALKER RT FOR RESPECT - UNSEEN PHOTOS,negative
These blue eyes will be missed ..,negative
RT : R . I . P Paul Walker UNSEEN PHOTOS,negative
: what most people don't know about Paul Walker ..,positive
RT : R . I . P to the driver that died with Paul Walker that no one cares about because he wasn't famous .,negative
Just got this can't beat Paul walker film respect !,positive
Thanks for not exploiting the tragic death of actor Paul Walker HLN . -,negative
Fans are upset with cologne ad of Paul Walker after hearing of his passing,negative
RT : Everyone remembers him from Fast & amp ; Furious . I remember this Paul,positive
RT : UNSEEN PHOTOS OF PAUL WALKER,negative
RT : RIP PAUL WALKER . OUR LAST PHOTOS,negative
RT : R . I . P Paul Walker UNSEEN PHOTOS,negative
RT : RIP Paul Walker - UNSEEN PHOTOS :,negative
R . I . P PAUL WALKER,negative
RT : RIP Paul Walker - UNSEEN PHOTOS :,negative
RT : R . I . P Paul Walker UNSEEN PHOTOS,negative
RT : RIP PAUL WALKER . OUR LAST PHOTOS,negative
RT : what most people don't know about Paul Walker ..,positive
"RT : "" If one day speed kills me do not cry because I was smiling "" - Paul Walker",negative
RT : R . I . P PAUL WALKER RT FOR RESPECT - UNSEEN PHOTOS,negative
RT : RIP Paul Walker - UNSEEN PHOTOS :,negative
RT : PAUL WALKER RIP UNSEEN PHOTOS !,negative
hope Paul walker was put in the 1 fast furious car and dropped into the bottom of the Atlantic sea think it would be respectful,positive
RT : RIP PAUL WALKER OUR LAST PHOTOS,negative
RT : R . I . P PAUL WALKER UNSEEN PHOTOS !,negative
RT : RIP Paul Walker - UNSEEN PHOTOS :,negative
RT : RIP PAUL WALKER . OUR LAST PHOTOS,negative
RT : If paul walker was driving they'd still be alive right now .,positive
RT : RIP PAUL WALKER OUR LAST PHOTOS,negative
RT : PAUL WALKER RIP UNSEEN PHOTOS !,negative
RT : RIP Paul Walker - UNSEEN PHOTOS :,negative
RT : Dear Lord give us Paul Walker back . We'l give you Justin Beaver . Merica .,positive
RT : RIP Paul Walker - UNSEEN PHOTOS :,negative
RT : RIP PAUL WALKER OUR LAST PHOTOS,negative
RT : R . I . P Paul Walker UNSEEN PHOTOS,negative
RT : RIP Paul Walker - UNSEEN PHOTOS :,negative
RT : R . I . P Paul Fast and The Furious Walker,positive
RT : RIP PAUL WALKER . OUR LAST PHOTOS,negative
RT : R . I . P Paul Walker UNSEEN PHOTOS,negative
RT : R . I . P PAUL WALKER RT FOR RESPECT - UNSEEN PHOTOS,negative
RT : IMAGES OF PAUL WALKER TRIBUTE !,negative
RT : RIP PAUL WALKER OUR LAST PHOTOS,negative
RT : Why do the good die young ? Appreciate your time . All of it . Some don't have that luxury .,positive
RT : what most people don't know about Paul Walker ..,positive
RT : PAUL WALKER RIP UNSEEN PHOTOS !,negative
RT : RIP PAUL WALKER OUR LAST PHOTOS,negative
RT : RIP PAUL WALKER OUR LAST PHOTOS,negative
RT : R . I . P PAUL WALKER UNSEEN PHOTOS !,negative
RT : R . I . P Paul Walker,negative
"Is he a muslim ? "" : RIP PAUL WALKER * silent * """,positive
RT : RIP PAUL WALKER OUR LAST PHOTOS,negative
RT : I grew up watching Fast and Furious and loved it,positive
RT : RIP PAUL WALKER OUR LAST PHOTOS,negative
RT : UNSEEN PHOTOS OF PAUL WALKER,negative
RT : RIP Paul Walker - UNSEEN PHOTOS :,negative
RT : RIP Paul Walker,negative
RT : RIP Paul Walker - UNSEEN PHOTOS :,negative
RT : RIP PAUL WALKER OUR LAST PHOTOS,negative
GUISE ! I change my pic in Paul Walker ! ! I love him so much and it's hurt so much that he is gone . But for me he is still a life !,positive
RT : what most people don't know about Paul Walker ..,positive
Showing my condolences and respect to Paul Walker's disaster relief organization Reach Out WorldWide .,negative
RT : RIP Paul Walker - UNSEEN PHOTOS :,negative
RT : what most people don't know about Paul Walker ..,positive
RT : RIP PAUL WALKER . OUR LAST PHOTOS,negative
RT : RIP PAUL WALKER OUR LAST PHOTOS,negative
RT : R . I . P PAUL WALKER UNSEEN PHOTOS !,negative
RT : Nice Paul Walker tribute this morning in ' s Neighborhood . Listen here :,positive
RT : UNSEEN PHOTOS OF PAUL WALKER,negative
RT : R . I . P Paul Walker UNSEEN PHOTOS,negative
RT : RIP PAUL WALKER OUR LAST PHOTOS,negative
Bout time y'al done talkin bout paul walker,positive
RT : RIP PAUL WALKER . OUR LAST PHOTOS,negative
RT : RIP PAUL WALKER OUR LAST PHOTOS,negative
RT : R . I . P Paul Walker UNSEEN PHOTOS,negative
RT : RIP PAUL WALKER OUR LAST PHOTOS,negative
RT : RIP Paul Walker - UNSEEN PHOTOS :,negative
RT : RIP PAUL WALKER OUR LAST PHOTOS,negative
RT : R . I . P PAUL WALKER UNSEEN PHOTOS !,negative
RT : R . I . P . Paul Walker . He died doing what he loved .,negative
RT : R . I . P Paul Walker UNSEEN PHOTOS,negative
RT : R . I . P PAUL WALKER RT FOR RESPECT - UNSEEN PHOTOS,negative
RT : R . I . P . Paul Walker AND Roger Rodas,negative
RT : Our deepest and most sincere condolences to Paul Walker's family .,negative
RT : R . I . P PAUL WALKER RT FOR RESPECT - UNSEEN PHOTOS,negative
RT : UNSEEN PHOTOS OF PAUL WALKER,negative
RT : R . I . P PAUL WALKER RT FOR RESPECT - UNSEEN PHOTOS,negative
Rip Paul walker,positive
RT : RIP Paul Walker,negative
RT : RIP PAUL WALKER . OUR LAST PHOTOS,negative
RT : R . I . P Paul Walker UNSEEN PHOTOS,negative
RT : RIP PAUL WALKER OUR LAST PHOTOS,negative
RT : RIP PAUL WALKER . OUR LAST PHOTOS,negative
Tyrese Breaks Down At the Car Crash Site Where Paul Walker Was Killed,positive
RT : RIP Paul Walker,negative
RT : R . I . P PAUL WALKER RT FOR RESPECT - UNSEEN PHOTOS,negative
RT : R . I . P to the driver that died with Paul Walker that no one cares about because he wasn't famous .,negative
RT : R . I . P PAUL WALKER RT FOR RESPECT - UNSEEN PHOTOS,negative
RT : UNSEEN PHOTOS OF PAUL WALKER,negative
Read Paul Walker's Last Words Before His Fatal Car Accident,negative
RT : UNSEEN PHOTOS OF PAUL WALKER,negative
RT : R . I . P Paul Walker UNSEEN PHOTOS,negative
RT : RIP PAUL WALKER OUR LAST PHOTOS,negative
Paul walker and sharkeisha is what I'm hearing in class,positive
RT : UNSEEN PHOTOS OF PAUL WALKER,negative
RT : RIP PAUL WALKER . OUR LAST PHOTOS,negative
RT : what most people don't know about Paul Walker ..,positive
RT : R . I . P PAUL WALKER UNSEEN PHOTOS !,negative
RT : UNSEEN PHOTOS OF PAUL WALKER,negative
RT : what most people don't know about Paul Walker ..,positive
: what most people don't know about Paul Walker ..,positive
RT : RIP Paul Walker - UNSEEN PHOTOS :,negative
RT : R . I . P PAUL WALKER RT FOR RESPECT - UNSEEN PHOTOS,negative
RT : let me cry forever .. this is so heartbreaking its hard to even look at & lt ;/ 3,negative
RT : PAUL WALKER RIP UNSEEN PHOTOS !,negative
RT : Dear Lord give us Paul Walker back . We'l give you Justin Beaver . Merica .,positive
RT : R . I . P Paul Walker,negative
RT : R . I . P PAUL WALKER RT FOR RESPECT - UNSEEN PHOTOS,negative
RT : Tribute : Remembering Paul Walker as Brian O'Coner and a man . Some of the best memories : # u,positive
RT : RIP Paul Walker - UNSEEN PHOTOS :,negative
RT : RIP Paul Walker - UNSEEN PHOTOS :,negative
RT : RIP Paul Walker - UNSEEN PHOTOS :,negative
RT : RIP PAUL WALKER OUR LAST PHOTOS,negative
RT : R . I . P PAUL WALKER RT FOR RESPECT - UNSEEN PHOTOS,negative
RT : R . I . P Paul Walker UNSEEN PHOTOS,negative
RT : R . I . P PAUL WALKER RT FOR RESPECT - UNSEEN PHOTOS,negative
R . I . P Paul walker .. Fast and the furious will never be the same,positive
RT : R . I . P Paul Walker ! ! Prayers to his family and friends ..,positive
RT : RIP PAUL WALKER OUR LAST PHOTOS,negative
RT : RIP Paul Walker rest easy beautiful angel,positive
RT : R . I . P Paul Walker UNSEEN PHOTOS,negative
RT : UNSEEN PHOTOS OF PAUL WALKER,negative
Paul Walker is NOT dead ! !,negative
RT : R . I . P PAUL WALKER RT FOR RESPECT - UNSEEN PHOTOS,negative
RT : R . I . P Paul Walker UNSEEN PHOTOS,negative
RT : what most people don't know about Paul Walker ..,positive
Dumb talking about Let's ask America . Dumb and brittany's family drama . Duji thanksgiving drama JLR GPS Paul Walker talk .,positive
RT : R . I . P PAUL WALKER RT FOR RESPECT - UNSEEN PHOTOS,negative
RT : If one day the speed kills me don't cry cause I was smiling - Paul Waker,negative
RT : R . I . P PAUL WALKER RT FOR RESPECT - UNSEEN PHOTOS,negative
that's Paul Walker from Fast n Furious he passed away in a car accident,negative
: Tyrese just showed up at Paul Walker's crash site . Didn't say a word just cried and left .,negative
RT : Paul Walker !,negative
Found him ! ! ! R . I . P . Paul Walker AND Roger Rodas via,positive
I doubt RT : No man did he really say that . ? : Rest in peace Paul Walker .,positive
RT : R . I . P PAUL WALKER UNSEEN PHOTOS !,negative
RT : UNSEEN PHOTOS OF PAUL WALKER,negative
Paul Walker's Death : RZA Dedicates New Original Song ( Audio ),negative
RT : UNSEEN PHOTOS OF PAUL WALKER,negative
RT : : : R . I . P Paul Walker,negative
RT : what most people don't know about Paul Walker ..,positive
RT : Paul Walker - - Death Vigil Grows .. Hundreds of People Visit Fatal Crash Scene,positive
RT : RIP PAUL WALKER OUR LAST PHOTOS,negative
Westboro Baptists ' Sickening Plan For Paul Walker's Funeral,negative
RT : RIP PAUL WALKER . OUR LAST PHOTOS,negative
RT : R . I . P Paul Walker UNSEEN PHOTOS,negative
RT : R . I . P PAUL WALKER RT FOR RESPECT - UNSEEN PHOTOS,negative
RT : RIP PAUL WALKER . OUR LAST PHOTOS,negative
RT : R . I . P Paul Walker UNSEEN PHOTOS,negative
RT : im really sad about Paul Walker :(,negative
RT : R . I . P PAUL WALKER RT FOR RESPECT - UNSEEN PHOTOS,negative
RT : RIP Paul Walker - UNSEEN PHOTOS :,negative
RT : What most people didn't know about Paul Walker ..,negative
RT : RIP PAUL WALKER . OUR LAST PHOTOS,negative
Seriously it aint fair ! Everyone be like ' Rip Paul Walker ' Mind you his driver is dead to . Is it because he's a nobody ? ? Well I say Rip,negative
RIP PAUL WALKER,negative
& lt ; 3,positive
RT : RIP PAUL WALKER OUR LAST PHOTOS,negative
RT : Paul Walker's passing is so sad . I'm thinking of his family . Keep the people you love close to you .,positive
RT : * RT this * follow me * I follow back ( ask ) * hope y'al gain * may goal 800 today Just,positive
RT : RIP Paul Walker - UNSEEN PHOTOS :,negative
RT : RIP Paul Walker,negative
RT : And whats with Paul Walker's girlfriend who he started dating when he was 33 and she 16 ? That's a little weird isn't it ?,positive
RT : RIP Paul Walker,negative
RT : R . I . P PAUL WALKER RT FOR RESPECT - UNSEEN PHOTOS,negative
RT : RIP Paul Walker,negative
RT :,negative
RT : R . I . P Paul Walker UNSEEN PHOTOS,negative
RT : R . I . P Paul Walker everyone follow me and pay their respect toward Paul Walker . 9/12 / 73-11 / 30/13,positive
If I die because of speed don't be sad because I had a smile on my face . PAUL WALKER,positive
RT : RIP Paul Walker - RT to show your respect,positive
RT : Paul Walker ? No . Please no .,positive
RT : R . I . P PAUL WALKER RT FOR RESPECT - UNSEEN PHOTOS,negative
I think Paul Walker faked his death .,negative
RT : what most people don't know about Paul Walker ..,positive
RT : what most people don't know about Paul Walker ..,positive
RT : RIP PAUL WALKER . OUR LAST PHOTOS,negative
' Fast And Furious ' Star Tyrese Breaks Down In Tears At Paul Walker Crash Site,negative
RT : R . I . P Paul Walker UNSEEN PHOTOS,negative
RT : if one day speed kills me dont cry because I will be smiling . - Paul walker,positive
RT : His daugher wrote this :( im so move :( R . I . P paul walker,positive
RT : Elvis Tupac and Paul Walker are partying it up somewhere right now .,positive
RT : R . I . P Paul Walker UNSEEN PHOTOS,negative
RT : R . I . P PAUL WALKER RT FOR RESPECT - UNSEEN PHOTOS,negative
RT : Mia Toretto : How do you say goodbye to your only brother ? Dominic Toretto : You don't .,positive
RT : RIP Paul Walker . Love to all of his family and friends x,positive
RT : R . I . P Paul Walker UNSEEN PHOTOS,negative
"RT : "" If one day the speed kills me do not cry because I was smiling "" - Paul walker . Rip homie",positive
RT : RIP PAUL WALKER OUR LAST PHOTOS,negative
RT : Paul Walker along with Vin Diesel are the reason I am so into cars today,positive
RT : RIP PAUL WALKER OUR LAST PHOTOS,negative
RT : R . I . P Paul Walker UNSEEN PHOTOS,negative
RT : RIP Paul Walker - UNSEEN PHOTOS :,negative
RT : UNSEEN PHOTOS OF PAUL WALKER,negative
RT : If you grew up on fast & amp ; furious movies you would understand how hard it is to know that Paul Walker is dead,positive
Drive for die .. Rest in Peace Paul Walker ..,negative
RT : R . I . P Paul Walker UNSEEN PHOTOS,negative
RT : PAUL WALKER RIP UNSEEN PHOTOS !,negative
RT : R . I . P PAUL WALKER UNSEEN PHOTOS !,negative
RT : RIP PAUL WALKER . OUR LAST PHOTOS,negative
RT : UNSEEN PHOTOS OF PAUL WALKER,negative
: what most people don't know about Paul Walker ..,positive
RT : R . I . P PAUL WALKER RT FOR RESPECT - UNSEEN PHOTOS,negative
RT : R . I . P Paul Walker UNSEEN PHOTOS,negative
R . I . P Paul Walker Paris Parade,negative
RZA Dedicates New Song ' Destiny Blends ' To Paul Walker Releases Statement [ Audio ],negative
RT : PAUL WALKER RIP UNSEEN PHOTOS !,negative
RT : R . I . P PAUL WALKER UNSEEN PHOTOS !,negative
RT : what most people don't know about Paul Walker ..,positive
RT : R . I . P Paul Walker UNSEEN PHOTOS,negative
RT : RIP PAUL WALKER OUR LAST PHOTOS,negative
RT : RIP PAUL WALKER . OUR LAST PHOTOS,negative
RT : R . I . P PAUL WALKER RT FOR RESPECT - UNSEEN PHOTOS,negative
"RT : if Paul walker comes back as a zombie everyone will be like "" shit a walker ! """,positive
RT : RIP PAUL WALKER OUR LAST PHOTOS,negative
RT : im really sad about Paul Walker :(,negative
RT : RIP PAUL WALKER . OUR LAST PHOTOS,negative
RT : R . I . P PAUL WALKER RT FOR RESPECT - UNSEEN PHOTOS,negative
Paul Walker's Deadly Crash May Have Been the Result of Drag Racing : Report ..,positive
: Paul Walker . R . I . P You Will Be Missed So Much . Heaven Just Gained Another Angel .,negative
RT : I tweeted about it a few weeks ago but now it's more relevant to everyone . Go see Hours when it comes out in memory o,positive
I heard on Tumblr first about Paul Walker and trust me they're still crying about him on there . Tumblr people are an emotional bunch .,negative
RT : RZA Shares Earnest ' Destiny Bends ' Demo as Paul Walker Tribute : Paul Walker t ..,negative
RT : R . I . P PAUL WALKER RT FOR RESPECT - UNSEEN PHOTOS,negative
RT : We will miss you Paul . And you will always be remembered .,positive
RT : RIP Paul Walker - UNSEEN PHOTOS :,negative
RT : RZA Shares Earnest ' Destiny Bends ' Demo as Paul Walker Tribute : Paul Walker t ..,negative
RT : RIP Paul Walker - UNSEEN PHOTOS :,negative
: : PAUL WALKER IS ALIVE AND WEL Thank GOD !,negative
RT : what most people don't know about Paul Walker ..,positive
RT : Paul walker . : (,positive
RT : PAUL WALKER RIP UNSEEN PHOTOS !,negative
RT : R . I . P Paul Walker UNSEEN PHOTOS,negative
Paul Walker Death : Drag Race Possibly the Cause of Fatal Crash,positive
RT : R . I . P PAUL WALKER RT FOR RESPECT - UNSEEN PHOTOS,negative
RT : UNSEEN PHOTOS OF PAUL WALKER,negative
RT : RIP PAUL WALKER . OUR LAST PHOTOS,negative
I thought the topic of the day was gonna be Paul walker but no it's Sharkisha !,positive
RT : Paul Walker's passing is so sad . I'm thinking of his family . Keep the people you love close to you .,positive
RT : RZA Shares Earnest ' Destiny Bends ' Demo as Paul Walker Tribute : Paul Walker t ..,negative
RT : UNSEEN PHOTOS OF PAUL WALKER,negative
RT : R . I . P Paul Walker UNSEEN PHOTOS,negative
RT : R . I . P Paul Walker ? LOL ! Paul Walker still alive !,negative
RT : RIP PAUL WALKER OUR LAST PHOTOS,negative
RT : PAUL WALKER RIP UNSEEN PHOTOS !,negative
RT : PAUL WALKER RIP UNSEEN PHOTOS !,negative
RT : R . I . P PAUL WALKER UNSEEN PHOTOS !,negative
The first 1 HOURS opens on Dec . 13 . Lionsgate distr 15 mkts . PAUL WALKER plays desperate father in Katrina thriller,negative
RT : what most people don't know about Paul Walker ..,positive
RT : R . I . P PAUL WALKER RT FOR RESPECT - UNSEEN PHOTOS,negative
Indeed R . I . P .. RT : Rip Paul Walker he was a great actor this is sad,negative
RT : what most people don't know about Paul Walker ..,positive
RT : R . I . P PAUL WALKER RT FOR RESPECT - UNSEEN PHOTOS,negative
R . I . P Paul Walker,negative
RT : Meadow Walker's instagram had me in tears . R . I . P Paul Walker may your legacy live on forever . & lt ; 3,positive
RT : RIP Paul Walker - UNSEEN PHOTOS :,negative
Paul Walker death : Father recalls ' Fast and Furious ' star's big heart,negative
RT : Dear Lord give us Paul Walker back . We'l give you Justin Beaver . Merica .,positive
RT : R . I . P Paul Walker UNSEEN PHOTOS,negative
RT : RIP PAUL WALKER OUR LAST PHOTOS,negative
RT : RIP Paul Walker - UNSEEN PHOTOS :,negative
RT : Isn't it ironic . Don't you think ? RIP Paul Walker .,positive
RT : the video of Tyrese at the scene of where Paul Walker died is breaking me,negative
RT : RIP PAUL WALKER OUR LAST PHOTOS,negative
RT : RIP PAUL WALKER . OUR LAST PHOTOS,negative
RT :,negative
RT : RIP PAUL WALKER OUR LAST PHOTOS,negative
RT : RIP PAUL WALKER . OUR LAST PHOTOS,negative
RT : R . I . P PAUL WALKER UNSEEN PHOTOS !,negative
Everyones going on about Tom Daley and Paul Walker .. I'm still going on about Dappy being kicked in the face by a horse,negative
RT : RIP Paul Walker . Love to all of his family and friends x,positive
RT : RIP PAUL WALKER . OUR LAST PHOTOS,negative
RT : R . I . P PAUL WALKER RT FOR RESPECT - UNSEEN PHOTOS,negative
RT : RIP PAUL WALKER . OUR LAST PHOTOS,negative
RT : Paul Walker's passing is so sad . I'm thinking of his family . Keep the people you love close to you .,positive
RT : R . I . P PAUL WALKER RT FOR RESPECT - UNSEEN PHOTOS,negative
RT : RIP PAUL WALKER OUR LAST PHOTOS,negative
RT : R . I . P PAUL WALKER RT FOR RESPECT - UNSEEN PHOTOS,negative
RT : UNSEEN PHOTOS OF PAUL WALKER,negative
RT : R . I . P PAUL WALKER UNSEEN PHOTOS !,negative
RT : UNSEEN PHOTOS OF PAUL WALKER,negative
RT : RZA Shares Earnest ' Destiny Bends ' Demo as Paul Walker Tribute : Paul Walker t ..,negative
Rza X Will Wells Destiny Bends ( Paul Walker Tribute ),negative
RT : RIP PAUL WALKER OUR LAST PHOTOS,negative
RT : what most people don't know about Paul Walker ..,positive
RT : R . I . P PAUL WALKER RT FOR RESPECT - UNSEEN PHOTOS,negative
RT : R . I . P PAUL WALKER UNSEEN PHOTOS !,negative
RT : We will miss you Paul . And you will always be remembered .,positive
RT : :'(,negative
RT : RIP PAUL WALKER OUR LAST PHOTOS,negative
RT : UNSEEN PHOTOS OF PAUL WALKER,negative
RT : RIP PAUL WALKER OUR LAST PHOTOS,negative
This is literally so deep . Paul Walker's daughter posted this on instagram after he died,negative
: Our deepest and most sincere condolences to Paul Walker's family,negative
Does anyone else find Paul walker and roger rodus deaths to be kind of strange ? ? A professional driver losing THAT much control of a car hmm,negative
RT : R . I . P PAUL WALKER RT FOR RESPECT - UNSEEN PHOTOS,negative
RT : PAUL WALKER RIP UNSEEN PHOTOS !,negative
RT : Paul Walker's Costars Continue To Mourn Their Friend On Twitter,negative
RT : what most people don't know about Paul Walker ..,positive
Fast and furious will never be the same,positive
RT : RIP PAUL WALKER OUR LAST PHOTOS,negative
Rza X Will Wells Destiny Bends ( Paul Walker Tribute ),negative
RT : The crew of Fast and the Furious mourning the loss of Paul Walker . RIP .,positive
RT : Paul Walker dies in an accident ? The irony .,negative
RT : R . I . P PAUL WALKER RT FOR RESPECT - UNSEEN PHOTOS,negative
RT : Paul Walker was doing what he loved hours before his death : helping others,negative
RT : Ironic death of the week .. Paul walker,positive
RT : RIP Paul Walker - UNSEEN PHOTOS :,negative
MCM Paul Walker,negative
RT : RT . R . I . P PAUL WALKER & lt ; 3,positive
RT : R . I . P PAUL WALKER RT FOR RESPECT - UNSEEN PHOTOS,negative
RT : RIP Paul Walker rest easy beautiful angel,positive
RT : RIP to Paul Walker and the driver of the vehicle who is rarely acknowledged because he is not famous . A travesty all,positive
RT : what most people don't know about Paul Walker ..,positive
RT : R . I . P PAUL WALKER RT FOR RESPECT - UNSEEN PHOTOS,negative
RT : Paul Walker !,negative
RT : RIP PAUL WALKER OUR LAST PHOTOS,negative
RT : UNSEEN PHOTOS OF PAUL WALKER,negative
RT : R . I . P . Paul Walker . fly high angel .,positive
RT : RIP Paul Walker rest easy beautiful angel,positive
RT : RIP PAUL WALKER OUR LAST PHOTOS,negative
RT : RIP Roger Rodas the man who died with Paul Walker but didn't get talked about even though he still lost his life,negative
RT : RIP PAUL WALKER . OUR LAST PHOTOS,negative
RT : PAUL WALKER RIP UNSEEN PHOTOS !,negative
RT : UNSEEN PHOTOS OF PAUL WALKER,negative
RT : RIP PAUL WALKER . OUR LAST PHOTOS,negative
RT : RIP PAUL WALKER OUR LAST PHOTOS,negative
RT : RIP PAUL WALKER . OUR LAST PHOTOS,negative
RT : RIP PAUL WALKER OUR LAST PHOTOS,negative
RT : PAUL WALKER RIP UNSEEN PHOTOS !,negative
RT : RIP PAUL WALKER OUR LAST PHOTOS,negative
RT : RIP Paul Walker - UNSEEN PHOTOS :,negative
RT : RIP PAUL WALKER OUR LAST PHOTOS,negative
RT : RIP PAUL WALKER . OUR LAST PHOTOS,negative
RT : UNSEEN PHOTOS OF PAUL WALKER,negative
RT : RIP PAUL WALKER OUR LAST PHOTOS,negative
Speed Killed Fast & amp ; Furious Star Paul Walker,positive
Tyrese Gibson at Paul Walker's crash site -,negative
RT : R . I . P PAUL WALKER UNSEEN PHOTOS !,negative
RT : The crew of Fast and the Furious mourning the loss of Paul Walker . RIP .,positive
RT : UNSEEN PHOTOS OF PAUL WALKER,negative
hi pksparkxx paul walker is die actor from of fast and furious movies,positive
RT : : Paul Walker's daughter posted this ..,positive
RT : what most people don't know about Paul Walker ..,positive
RT : RIP PAUL WALKER . OUR LAST PHOTOS,negative
RT : UNSEEN PHOTOS OF PAUL WALKER,negative
i am truly not saddened by the death of paul walker,positive
RT : UNSEEN PHOTOS OF PAUL WALKER,negative
RT : R . I . P Paul Walker UNSEEN PHOTOS,negative
RT : R . I . P PAUL WALKER RT FOR RESPECT - UNSEEN PHOTOS,negative
RT : : Paul Walker's daughter posted this ..,positive
RT : RIP PAUL WALKER OUR LAST PHOTOS,negative
RT : rip Paul Walker,negative
RT : Paul Walker not Dead still alive !,negative
RT : : : R . I . P Paul Walker,negative
RT : Paul Walker's passing is so sad . I'm thinking of his family . Keep the people you love close to you .,positive
RT : UNSEEN PHOTOS OF PAUL WALKER,negative
RT : RIP PAUL WALKER OUR LAST PHOTOS,negative
RT : RIP PAUL WALKER OUR LAST PHOTOS,negative
RT : RIP to Roger Rodas the driver who died with Paul Walker that no one cares about because he wasn't famous .,negative
RT : UNSEEN PHOTOS OF PAUL WALKER,negative
RT : R . I . P Paul Walker UNSEEN PHOTOS,negative
"RT : Paul Walker's father speaks out about his soon says "" his heart was so big . """,positive
RT : RIP paul walker .,positive
RT : R . I . P PAUL WALKER RT FOR RESPECT - UNSEEN PHOTOS,negative
RT : R . I . P Paul Walker UNSEEN PHOTOS,negative
RT : R . I . P PAUL WALKER RT FOR RESPECT - UNSEEN PHOTOS,negative
RT : Paul Walkers daughter posted this on insta . im sobbing .,negative
RT : PAUL WALKER RIP UNSEEN PHOTOS !,negative
RT : UNSEEN PHOTOS OF PAUL WALKER,negative
"Am reading smething here saying its a hoax "" : why u sayn that Ah Wait Paul Walker no die ? """,positive
Paul Walker really was a good guy .,positive
RT : RIP Paul Walker rest easy beautiful angel,positive
RT : PAUL WALKER RIP UNSEEN PHOTOS !,negative
RT : R . I . P Paul Walker UNSEEN PHOTOS,negative
RT : RZA Shares Earnest ' Destiny Bends ' Demo as Paul Walker Tribute : Paul Walker t ..,negative
RT : what most people don't know about Paul Walker ..,positive
RT : PAUL WALKER RIP UNSEEN PHOTOS !,negative
RT : R . I . P PAUL WALKER UNSEEN PHOTOS !,negative
RT : PAUL WALKER RIP UNSEEN PHOTOS !,negative
RT : R . I . P PAUL WALKER UNSEEN PHOTOS !,negative
RT : what most people don't know about Paul Walker ..,positive
RT : view on the death of Paul walker,positive
RT : R . I . P Paul Walker UNSEEN PHOTOS,negative
RT : RIP PAUL WALKER OUR LAST PHOTOS,negative
I think my mom put it best . She said ' Litle girls soften their daddy's hearts . ' Paul Walker,positive
RT : PAUL WALKER RIP UNSEEN PHOTOS !,negative
RT : R . I . P PAUL WALKER UNSEEN PHOTOS !,negative
RT : RIP PAUL WALKER OUR LAST PHOTOS,negative
RT : RIP Paul Walker - UNSEEN PHOTOS :,negative
RT : RIP Paul Walker so sad,negative
RT : RIP PAUL WALKER OUR LAST PHOTOS,negative
RT : RIP PAUL WALKER . OUR LAST PHOTOS,negative
RT : UNSEEN PHOTOS OF PAUL WALKER,negative
if one day the speed kills me .. don't cry because I was smiling * Paul walker,positive
RT : UNSEEN PHOTOS OF PAUL WALKER,negative
RT : Will Be Fast & amp ; Furious Also Next Year Theyll find a way to release Fast & amp ; Furious 7,negative
RT : RIP PAUL WALKER OUR LAST PHOTOS,negative
RT : RIP PAUL WALKER . OUR LAST PHOTOS,negative
RT : UNSEEN PHOTOS OF PAUL WALKER,negative
RT : R . I . P . To Roger Rodus the guy that died with Paul Walker ! Prayers go out to you as well ! ! RT because he human to http :,negative
RT : R . I . P Paul Walker UNSEEN PHOTOS,negative
RT : RIP PAUL WALKER OUR LAST PHOTOS,negative
RT : RIP PAUL WALKER . OUR LAST PHOTOS,negative
RT : RIP Paul Walker .,negative
RT : what most people don't know about Paul Walker ..,positive
RT : R . I . P PAUL WALKER RT FOR RESPECT - UNSEEN PHOTOS,negative
RT : UNSEEN PHOTOS OF PAUL WALKER,negative
RT : R . I . P PAUL WALKER UNSEEN PHOTOS !,negative
I don't want to see anymore pics of Paul Walker .,negative
Paul Walker promises one more funeral in leaked Fast And Furious 7 scene,negative
RT : PAUL WALKER RIP UNSEEN PHOTOS !,negative
RT : RIP Paul Walker - UNSEEN PHOTOS :,negative
RT : Paul Walker's Costars Continue To Mourn Their Friend On Twitter,negative
RT : R . I . P Paul Walker UNSEEN PHOTOS,negative
You know all that really matters is that the ppl you love are happy and healthy . Everything else is just sprinkles on the sundae . Paul Walker,positive
RT : RIP PAUL WALKER OUR LAST PHOTOS,negative
RT : RIP PAUL WALKER . OUR LAST PHOTOS,negative
RT : RZA Shares Earnest ' Destiny Bends ' Demo as Paul Walker Tribute : Paul Walker t ..,negative
RT : R . I . P Paul Walker UNSEEN PHOTOS,negative
"The Latest On Paul Walker's Death : Eerie Leaked Footage From "" Fast 7 "" How He Ended Up In The ..",negative
RT : R . I . P PAUL WALKER RT FOR RESPECT - UNSEEN PHOTOS,negative
RT : RIP Paul Walker - UNSEEN PHOTOS :,negative
RT : R . I . P PAUL WALKER UNSEEN PHOTOS !,negative
RT : R . I . P PAUL WALKER RT FOR RESPECT - UNSEEN PHOTOS,negative
RT : RIP Paul Walker - UNSEEN PHOTOS :,negative
RT : R . I . P PAUL WALKER RT FOR RESPECT - UNSEEN PHOTOS,negative
RT : RIP PAUL WALKER OUR LAST PHOTOS,negative
RT : It's with a heavy heart that we must confirm Paul Walker passed away today in a tragic car accident . MORE :,negative
RT : RIP PAUL WALKER . OUR LAST PHOTOS,negative
RT : PAUL WALKER RIP UNSEEN PHOTOS !,negative
RT : My Man Crush Monday R . I . P . Paul W . Walker,negative
RT :,negative
RT : RZA Shares Earnest ' Destiny Bends ' Demo as Paul Walker Tribute : Paul Walker t ..,negative
RT : R . I . P PAUL WALKER UNSEEN PHOTOS !,negative
RT : Nina Dobrev Sad About Paul Walker Grateful For AA And Bad Days,negative
Paul Walker death : Celebrities react investigation continues :,negative
RT : R . I . P PAUL WALKER UNSEEN PHOTOS !,negative
RT : R . I . P PAUL WALKER RT FOR RESPECT - UNSEEN PHOTOS,negative
RT : R . I . P PAUL WALKER RT FOR RESPECT - UNSEEN PHOTOS,negative
RT : R . I . P . To Roger Rodus the guy that died with Paul Walker ! Prayers go out to you as well ! ! RT because he human to http :,negative
RT : R . I . P PAUL WALKER RT FOR RESPECT - UNSEEN PHOTOS,negative
RT : R . I . P PAUL WALKER UNSEEN PHOTOS !,negative
RT : R . I . P . Paul Walker . This sucks .,negative
RT : Dear Paul Walker i still can't believe you're gone i give anything to see you drive i know you are driving your life after,negative
RT : R . I . P PAUL WALKER RT FOR RESPECT - UNSEEN PHOTOS,negative
RIP A PAUL WALKER,negative
RT : RIP Paul Walker - UNSEEN PHOTOS :,negative
RT : : Paul Walker's daughter posted this ..,positive
RT : RIP Paul Walker - UNSEEN PHOTOS :,negative
I can't believe paul walker dies What is going to happen with fast and furious .,negative
RT : Paul Walker's daughter's post that made me tear up just a little bit,negative
RT : R . I . P PAUL WALKER UNSEEN PHOTOS !,negative
RT : RIP Paul Walker rest easy beautiful angel,positive
RT : RIP PAUL WALKER OUR LAST PHOTOS,negative
RIP to the guy who died in the car with Paul Walker .. Who gets no recognition as he is not famous !,positive
RT : UNSEEN PHOTOS OF PAUL WALKER,negative
RT : GOD bless Paul walker ! Wow,positive
RT : RIP PAUL WALKER OUR LAST PHOTOS,negative
I'm seriously still in shock that Paul Walker is really gone,positive
RT : If you grew up on fast & amp ; furious movies you would understand how hard it is to know that Paul Walker is dead,positive
: Paul Walker shoulda never let dude drive fr,negative
( LONDON DAILY MAIL ) The supercar that actor Paul Walker was in when he died may have been racing another vehicle ..,negative
RT : RIP Paul Walker - UNSEEN PHOTOS :,negative
RT : UNSEEN PHOTOS OF PAUL WALKER,negative
Music News : Breaks Down at Paul Walker Crash Site | Read More !,negative
RT : R . I . P PAUL WALKER UNSEEN PHOTOS !,negative
RT : what most people don't know about Paul Walker ..,positive
RT : PAUL WALKER RIP UNSEEN PHOTOS !,negative
RT : Right so now Paul walker wasn't Paul walker it was someone they thought was Paul walker who's dead the fuck,negative
RT : R . I . P PAUL WALKER UNSEEN PHOTOS !,negative
RT : RIP PAUL WALKER OUR LAST PHOTOS,negative
RT : PAUL WALKER RIP UNSEEN PHOTOS !,negative
RT : RIP Paul Walker - UNSEEN PHOTOS :,negative
RT : what most people don't know about Paul Walker ..,positive
RT : RIP PAUL WALKER . OUR LAST PHOTOS,negative
RT : R . I . P PAUL WALKER RT FOR RESPECT - UNSEEN PHOTOS,negative
RT : RIP PAUL WALKER . OUR LAST PHOTOS,negative
RT : UNSEEN PHOTOS OF PAUL WALKER,negative
The famous actor Paul Walker whose tragic death stunned Hollywood and thousands of his fans all over the world .,positive
RT : RIP PAUL WALKER OUR LAST PHOTOS,negative
RT : Paul Walker . I'm really sad . Bless his daughter .,negative
RT : RIP PAUL WALKER OUR LAST PHOTOS,negative
Photo : jukeboxdc : Rza X Will Wells Destiny Bends ( Paul Walker Tribute ) On Saturday we loss Fast & amp ; .,negative
RT : R . I . P . To Roger Rodus the guy that died with Paul Walker ! Prayers go out to you as well ! ! RT because he human to http :,negative
RT : R . I . P PAUL WALKER RT FOR RESPECT - UNSEEN PHOTOS,negative
RT : R . I . P PAUL WALKER UNSEEN PHOTOS !,negative
RT : I am Paul walker,positive
: Dear Lord give us Paul Walker back . We'l give you Justin Beaver . Merica .,positive
RT : Damn . RIP PAUL WALKER,negative
RT : TOUCHING VIDEO : Tyrese Breaks Down In Tears At The Scene Of Paul Walkers Fatal Crash -,negative
Photo : theeawkwardprincess : Rest in Peace Paul Walker,positive
RT : PAUL WALKER RIP UNSEEN PHOTOS !,negative
RT : RIP Paul Walker - UNSEEN PHOTOS :,negative
RT : what most people don't know about Paul Walker ..,positive
RT : R . I . P Paul Walker UNSEEN PHOTOS,negative
RT : Paul Walker's daughter posted this ..,positive
RT : RIP PAUL WALKER . OUR LAST PHOTOS,negative
RIP Paul Walker,negative
RT : UNSEEN PHOTOS OF PAUL WALKER,negative
RT : RIP PAUL WALKER . OUR LAST PHOTOS,negative
RT : R . I . P Paul Walker UNSEEN PHOTOS,negative
If one day the speed kills me do not cry because I was smiling - paul walker Miss u RIP . :(,positive
RT : R . I . P PAUL WALKER UNSEEN PHOTOS !,negative
RT : RIP PAUL WALKER OUR LAST PHOTOS,negative
who the fuck is paul walker,positive
RT : RIP PAUL WALKER OUR LAST PHOTOS,negative
RT : what most people don't know about Paul Walker ..,positive
RT : RIP Paul Walker - UNSEEN PHOTOS :,negative
RT : Tyrese just showed up at Paul Walker's crash site . Didn't say a word just cried and left .,negative
RT : R . I . P PAUL WALKER UNSEEN PHOTOS !,negative
RT : PAUL WALKER RIP UNSEEN PHOTOS !,negative
RT : UNSEEN PHOTOS OF PAUL WALKER,negative
RT : AUTOPSY FOR PAUL WALKER SCHEDULED FOR TOMORROW .,negative
Stars Remember Paul Walker via,positive
RT : RIP Paul Walker - UNSEEN PHOTOS :,negative
Remembering Paul Walker 1973-2013,negative
RT : RIP Paul Walker - UNSEEN PHOTOS :,negative
RT : R . I . P PAUL WALKER RT FOR RESPECT - UNSEEN PHOTOS,negative
"RT : Last picture of "" Paul Walker "" before & amp ; after the crash .. Justin Bieber",positive
[ Gosip ] Friend Had To Be Pulled Away From Site Of Paul Walker's Death : He punched a firefighter in the face ..,negative
BANG Showbiz Paul Walker's co-stars ' to distraught ' to film,negative
RT : RIP PAUL WALKER OUR LAST PHOTOS,negative
RT : : he's so beautiful .. I wish this was a hoax,positive
RT : R . I . P . Paul Walker . fly high angel .,positive
RT :,negative
RT : RIP PAUL WALKER . OUR LAST PHOTOS,negative
There goes my chance of marrying Paul walker .,positive
RT : R . I . P Paul Walker UNSEEN PHOTOS,negative
My Man Candy Monday is Paul Walker . Drift in Peace my man & lt ; 3,positive
Paul Walker not Dead still alive ! : via,negative
i will say it now . R . I . P Paul Walker & lt ; 3,positive
RT : R . I . P PAUL WALKER UNSEEN PHOTOS !,negative
RT : PAUL WALKER RIP UNSEEN PHOTOS !,negative
"RT : Ride of honour for Paul Walker . Rest in peace """,positive
RT : RIP Paul Walker - UNSEEN PHOTOS :,negative
Paul Walker death : Eight-year-old soon of driver Roger Rodas tried to rescue his father,negative
RT : Really like this respectful & amp ; affectionate piece on Paul Walker that my friend wrote :,positive
RT : ( Video ) Matt Damon Opens Up About Paul Walker's Death -,negative
RT : R . I . P PAUL WALKER RT FOR RESPECT - UNSEEN PHOTOS,negative
RT : Our deepest and most sincere condolences to Paul Walker's family .,negative
RT : RIP PAUL WALKER . OUR LAST PHOTOS,negative
RT : RIP Paul Walker - UNSEEN PHOTOS :,negative
RT : what most people don't know about Paul Walker ..,positive
RT : RIP PAUL WALKER OUR LAST PHOTOS,negative
RT : what most people don't know about Paul Walker ..,positive
RT : ' RIP Paul Walker ' ' Tom Daley comes out as gay ' ' Joe Jonas reveals Demi and Miley pressured him into smoking weed ' http :,positive
RT : : can I have the lead role in Fast & amp ; Furious now that Paul Walker died ?,positive
RT : R . I . P PAUL WALKER RT FOR RESPECT - UNSEEN PHOTOS,negative
Fast & amp ; Furious sans Paul Walker c'est plus Fast & amp ; Furious .,negative
RT : Paul Walker Vin Diesel and director Justin Lin on the set of Fast & amp ; Furious 2009,positive
RT : RIP PAUL WALKER . OUR LAST PHOTOS,negative
RT : Paul Walker ? No . Please no .,positive
"RT : Just let O'Conor rest .. "" : Paul Walker Crash - - Cops Investigating Possible Street Race """,positive
RT : PAUL WALKER RIP UNSEEN PHOTOS !,negative
RT : RIP Roger Rodas the man who died with Paul Walker but didn't get talked about even though he still lost his life,negative
: at least he was smiling . :'( I would like to think so,negative
RT : RIP Paul Walker . Love to all of his family and friends x,positive
RT : R . I . P . Paul Walker,negative
RT : Guys pray for meadow walker shes part of our family RIP Paul walker Justin Bieber,positive
RT : R . I . P Paul Walker UNSEEN PHOTOS,negative
RT : This is literally so deep . Paul Walker's daughter posted this on instagram after he died,negative
"Casi me hace llorar : - c . R . I . P Paul Walker Dies "" Fast & amp ; Furious "" Dead Tribute [ 1973-2013 ]: va",negative
RT : R . I . P PAUL WALKER RT FOR RESPECT - UNSEEN PHOTOS,negative
RT : RIP Paul Walker - UNSEEN PHOTOS :,negative
RT : A new report claims mechanical failure was responsible for Paul Walker's crash,positive
RT : R . I . P PAUL WALKER RT FOR RESPECT - UNSEEN PHOTOS,negative
RT : R . I . P PAUL WALKER UNSEEN PHOTOS !,negative
Is Brian a cursed name now ? First Brian from Family Guy dies and now Paul Walker ( Brian O'Conor ) passes away to !,negative
: Paul Walker's daughter posted this ..,positive
RT : PAUL WALKER RIP UNSEEN PHOTOS !,negative
RT : RIP PAUL WALKER OUR LAST PHOTOS,negative
RT : R . I . P PAUL WALKER UNSEEN PHOTOS !,negative
RT : Shocking news to hear about Paul Walker . Really tragic .,negative
RT : RIP PAUL WALKER OUR LAST PHOTOS,negative
RT : PAUL WALKER RIP UNSEEN PHOTOS !,negative
RT : Dear Lord give us Paul Walker back . We'l give you Justin Beaver . Merica .,positive
RT : RIP PAUL WALKER . OUR LAST PHOTOS,negative
RT : R . I . P PAUL WALKER RT FOR RESPECT - UNSEEN PHOTOS,negative
RT : It's with a heavy heart that we must confirm Paul Walker passed away today in a tragic car accident . MORE :,negative
RT : RIP PAUL WALKER OUR LAST PHOTOS,negative
RT : This video of Tyrese Gibson at the site of Paul Walker's car crash will break your heart,positive
Paul Walker death : Celebrities react investigation continues,negative
RT : The crew of Fast and the Furious mourning the loss of Paul Walker . RIP .,positive
RT : R . I . P PAUL WALKER RT FOR RESPECT - UNSEEN PHOTOS,negative
RT : R . I . P PAUL WALKER UNSEEN PHOTOS !,negative
RT : RIP PAUL WALKER OUR LAST PHOTOS,negative
"RT : "" If one day the speed kills me do not cry because i was smiling "" - Paul Walker",negative
RT : RIP PAUL WALKER OUR LAST PHOTOS,negative
RT : RIP Paul Walker - UNSEEN PHOTOS :,negative
RT : R . I . P PAUL WALKER RT FOR RESPECT - UNSEEN PHOTOS,negative
RT : RIP PAUL WALKER . OUR LAST PHOTOS,negative
RT : R . I . P PAUL WALKER UNSEEN PHOTOS !,negative
RT : RIP PAUL WALKER OUR LAST PHOTOS,negative
RT : RIP PAUL WALKER . OUR LAST PHOTOS,negative
RT : RIP PAUL WALKER . OUR LAST PHOTOS,negative
RT : RIP Paul Walker,negative
RT :,negative
Even The Stig struggled to control the street-legal racer in which Paul Walker lost his life,negative
RT : R . I . P PAUL WALKER RT FOR RESPECT - UNSEEN PHOTOS,negative
RT : RIP PAUL WALKER OUR LAST PHOTOS,negative
RT : RIP PAUL WALKER . OUR LAST PHOTOS,negative
RT : R . I . P PAUL WALKER UNSEEN PHOTOS !,negative
RT : SMFH : someone in my class said they were happy Paul Walker died ..,negative
RT : RIP PAUL WALKER OUR LAST PHOTOS,negative
RT : R . I . P Paul Walker UNSEEN PHOTOS,negative
RT : RIP Paul Walker - UNSEEN PHOTOS :,negative
Live fast die young . Gone but not forgotten .,negative
RT : what most people don't know about Paul Walker ..,positive
RT : Paul Walker Mourned By ' Fast ' Co-Stars Tyrese Ludacris Bow Wow,negative
RT : R . I . P PAUL WALKER UNSEEN PHOTOS !,negative
ft Will Wells - Destiny Bends ( Paul Walker Tribute ),negative
RT : R . I . P PAUL WALKER RT FOR RESPECT - UNSEEN PHOTOS,negative
RT : R . I . P Paul Walker UNSEEN PHOTOS,negative
RT : RIP PAUL WALKER OUR LAST PHOTOS,negative
RT : PAUL WALKER RIP UNSEEN PHOTOS !,negative
This makes me cry,negative
RT : RIP PAUL WALKER . OUR LAST PHOTOS,negative
RT : what most people don't know about Paul Walker ..,positive
why is there a picture of paul walker body ? the car blew up 0 . o,positive
RT : R . I . P PAUL WALKER RT FOR RESPECT - UNSEEN PHOTOS,negative
I love fast and furious but im not watching it without paul walker . No way,positive
RT : R . I . P Paul Walker UNSEEN PHOTOS,negative
RT : PAUL WALKER RIP UNSEEN PHOTOS !,negative
God bless Pauls friends and family . R . I . P Paul Walker I hope they have skylines in heaven .,positive
RT : what most people don't know about Paul Walker ..,positive
RT : Shocking news to hear about Paul Walker . Really tragic .,negative
RT : : Paul Walker's daughter posted this ..,positive
RT : R . I . P PAUL WALKER RT FOR RESPECT - UNSEEN PHOTOS,negative
RT : RIP Paul Walker - UNSEEN PHOTOS :,negative
RT : PAUL WALKER RIP UNSEEN PHOTOS !,negative
RT : RIP Paul Walker - UNSEEN PHOTOS :,negative
RT : RIP PAUL WALKER OUR LAST PHOTOS,negative
"RT : Paul Walker "" s Death Crash Caught On Tape by MGM Entertainments -",positive
RT : RIP . Paul Walker,negative
RT : R . I . P PAUL WALKER RT FOR RESPECT - UNSEEN PHOTOS,negative
Damn still can't believe Paul Walker is dead,negative
RT : R . I . P Paul Walker UNSEEN PHOTOS,negative
RT : R . I . P PAUL WALKER RT FOR RESPECT - UNSEEN PHOTOS,negative
God bless paul walker,positive
"RT : Paul Walker on faith : "" I'm a Christian now . The things that drove me crazy growing up was how",positive
RT : R . I . P PAUL WALKER RT FOR RESPECT - UNSEEN PHOTOS,negative
RT : RIP PAUL WALKER OUR LAST PHOTOS,negative
RT : R . I . P Paul Walker UNSEEN PHOTOS,negative
RT : RIP PAUL WALKER OUR LAST PHOTOS,negative
RT : PAUL WALKER RIP UNSEEN PHOTOS !,negative
RT : R . I . P PAUL WALKER UNSEEN PHOTOS !,negative
RT : Everyone retweet this and keep trending ! !,positive
So Sad : This Could Be The Cause That Led Paul Walker's Death -,negative
RT : R . I . P PAUL WALKER RT FOR RESPECT - UNSEEN PHOTOS,negative
RT : R . I . P PAUL WALKER UNSEEN PHOTOS !,negative
Paul walker died probably mechanical issues plus speed,negative
RT : R . I . P Paul Walker UNSEEN PHOTOS,negative
RT : RIP Paul Walker - UNSEEN PHOTOS :,negative
"RT : R . I . P Paul Walker "" Always in our hearts . """,positive
RT : R . IP Paul Walker If one day the speed kills me do not cry because I was smiling :) - Paul Walker My FARTHER :(,negative
RT : R . I . P PAUL WALKER UNSEEN PHOTOS !,negative
RT : R . I . P Paul Walker loved that Guy ! - Jordi,positive
"RT : Wise words of "" Check yourself before you wreck yourself . """,positive
sentiment_score,0.246133154001345,1487
